item,trcode,trname,dtype,var,unit
종목코드,opt10001,주식기본정보요청,str,,
종목명,opt10001,주식기본정보요청,str,,
결산월,opt10001,주식기본정보요청,int_abs,v0000,
액면가,opt10001,주식기본정보요청,int_abs,v0001,
자본금,opt10001,주식기본정보요청,int_abs,v0002,
상장주식,opt10001,주식기본정보요청,int_abs,v0003,
신용비율,opt10001,주식기본정보요청,pct,v0004,
연중최고,opt10001,주식기본정보요청,int_abs,v0005,
연중최저,opt10001,주식기본정보요청,int_abs,v0006,
시가총액,opt10001,주식기본정보요청,int_abs,v0007,
시가총액비중,opt10001,주식기본정보요청,pct,v0008,
외인소진률,opt10001,주식기본정보요청,pct,v0009,
대용가,opt10001,주식기본정보요청,int_abs,v0010,
PER,opt10001,주식기본정보요청,float,v0011,
EPS,opt10001,주식기본정보요청,float,v0012,
ROE,opt10001,주식기본정보요청,float,v0013,
PBR,opt10001,주식기본정보요청,float,v0014,
EV,opt10001,주식기본정보요청,float,v0015,
BPS,opt10001,주식기본정보요청,int,v0016,
매출액,opt10001,주식기본정보요청,int_abs,v0017,
영업이익,opt10001,주식기본정보요청,int,v0018,
당기순이익,opt10001,주식기본정보요청,int,v0019,
250최고,opt10001,주식기본정보요청,int_abs,v0020,
250최저,opt10001,주식기본정보요청,int_abs,v0021,
시가,opt10001,주식기본정보요청,int_abs,v0022,
고가,opt10001,주식기본정보요청,int_abs,v0023,
저가,opt10001,주식기본정보요청,int_abs,v0024,
상한가,opt10001,주식기본정보요청,int_abs,v0025,
하한가,opt10001,주식기본정보요청,int_abs,v0026,
예상체결가,opt10001,주식기본정보요청,int_abs,v0027,
예상체결수량,opt10001,주식기본정보요청,int_abs,v0028,
250최고가일,opt10001,주식기본정보요청,date,,
250최고가대비율,opt10001,주식기본정보요청,pct,v0029,
250최저가일,opt10001,주식기본정보요청,date,,
250최저가대비율,opt10001,주식기본정보요청,pct,v0030,
현재가,opt10001,주식기본정보요청,int_abs,v0031,
대비기호,opt10001,주식기본정보요청,str,,
전일대비,opt10001,주식기본정보요청,int,v0032,
등락율,opt10001,주식기본정보요청,pct,v0033,
거래량,opt10001,주식기본정보요청,int_abs,v0034,
거래대비,opt10001,주식기본정보요청,int,v0035,6.0
액면가단위,opt10001,주식기본정보요청,str,,
유통주식,opt10001,주식기본정보요청,int_abs,v0036,
유통비율,opt10001,주식기본정보요청,pct,v0037,
종목코드,opt10002,주식거래원요청,str,,
종목명,opt10002,주식거래원요청,str,,
현재가,opt10002,주식거래원요청,int_abs,v0038,
기준가,opt10002,주식거래원요청,int_abs,v0039,
전일대비,opt10002,주식거래원요청,int,v0040,
등락율,opt10002,주식거래원요청,pct,v0041,
등락부호,opt10002,주식거래원요청,str,,
매도거래원명1,opt10002,주식거래원요청,str,,
매도거래원명2,opt10002,주식거래원요청,str,,
매도거래원명3,opt10002,주식거래원요청,str,,
매도거래원명4,opt10002,주식거래원요청,str,,
매도거래원명5,opt10002,주식거래원요청,str,,
매도거래원1,opt10002,주식거래원요청,str,,
매도거래원2,opt10002,주식거래원요청,str,,
매도거래원3,opt10002,주식거래원요청,str,,
매도거래원4,opt10002,주식거래원요청,str,,
매도거래원5,opt10002,주식거래원요청,str,,
매도거래량1,opt10002,주식거래원요청,int_abs,v0042,
매도거래량2,opt10002,주식거래원요청,int_abs,v0043,
매도거래량3,opt10002,주식거래원요청,int_abs,v0044,
매도거래량4,opt10002,주식거래원요청,int_abs,v0045,
매도거래량5,opt10002,주식거래원요청,int_abs,v0046,
매수거래원명1,opt10002,주식거래원요청,str,,
매수거래원명2,opt10002,주식거래원요청,str,,
매수거래원명3,opt10002,주식거래원요청,str,,
매수거래원명4,opt10002,주식거래원요청,str,,
매수거래원명5,opt10002,주식거래원요청,str,,
매수거래원1,opt10002,주식거래원요청,str,,
매수거래원2,opt10002,주식거래원요청,str,,
매수거래원3,opt10002,주식거래원요청,str,,
매수거래원4,opt10002,주식거래원요청,str,,
매수거래원5,opt10002,주식거래원요청,str,,
매수거래량1,opt10002,주식거래원요청,int_abs,v0047,
매수거래량2,opt10002,주식거래원요청,int_abs,v0048,
매수거래량3,opt10002,주식거래원요청,int_abs,v0049,
매수거래량4,opt10002,주식거래원요청,int_abs,v0050,
매수거래량5,opt10002,주식거래원요청,int_abs,v0051,
시간,opt10003,체결정보요청,time,,
현재가,opt10003,체결정보요청,int_abs,v0052,
전일대비,opt10003,체결정보요청,int,v0053,
대비율,opt10003,체결정보요청,pct,v0054,
우선매도호가단위,opt10003,체결정보요청,int_abs,v0055,
우선매수호가단위,opt10003,체결정보요청,int_abs,v0056,
체결거래량,opt10003,체결정보요청,int_abs,v0057,
sign,opt10003,체결정보요청,str,,
누적거래량,opt10003,체결정보요청,int_abs,v0058,
누적거래대금,opt10003,체결정보요청,int_abs,v0059,6.0
체결강도,opt10003,체결정보요청,float,v0060,
매도1차선잔량대비,opt10004,주식호가요청,int,v0061,
매도2차선호가,opt10004,주식호가요청,int_abs,v0062,
매도2차선잔량,opt10004,주식호가요청,int_abs,v0063,
매도2차선잔량대비,opt10004,주식호가요청,int,v0064,
매도3차선호가,opt10004,주식호가요청,int_abs,v0065,
매도3차선잔량,opt10004,주식호가요청,int_abs,v0066,
매도3차선잔량대비,opt10004,주식호가요청,int,v0067,
매도4차선호가,opt10004,주식호가요청,int_abs,v0068,
매도4차선잔량,opt10004,주식호가요청,int_abs,v0069,
매도4차선잔량대비,opt10004,주식호가요청,int,v0070,
매도5차선호가,opt10004,주식호가요청,int_abs,v0071,
매도5차선잔량,opt10004,주식호가요청,int_abs,v0072,
매도5차선잔량대비,opt10004,주식호가요청,int,v0073,
매도6차선호가,opt10004,주식호가요청,int_abs,v0074,
매도6차선잔량,opt10004,주식호가요청,int_abs,v0075,
매도6차선잔량대비,opt10004,주식호가요청,int,v0076,
매도7차선호가,opt10004,주식호가요청,int_abs,v0077,
매도7차선잔량,opt10004,주식호가요청,int_abs,v0078,
매도7차선잔량대비,opt10004,주식호가요청,int,v0079,
매도8차선호가,opt10004,주식호가요청,int_abs,v0080,
매도8차선잔량,opt10004,주식호가요청,int_abs,v0081,
매도8차선잔량대비,opt10004,주식호가요청,int,v0082,
매도9차선호가,opt10004,주식호가요청,int_abs,v0083,
매도9차선잔량,opt10004,주식호가요청,int_abs,v0084,
매도9차선잔량대비,opt10004,주식호가요청,int,v0085,
매도10차선호가,opt10004,주식호가요청,int_abs,v0086,
매도10차선잔량,opt10004,주식호가요청,int_abs,v0087,
매도10차선잔량대비,opt10004,주식호가요청,int,v0088,
매수1차선잔량대비,opt10004,주식호가요청,int,v0089,
매수2차선호가,opt10004,주식호가요청,int_abs,v0090,
매수2차선잔량,opt10004,주식호가요청,int_abs,v0091,
매수2차선잔량대비,opt10004,주식호가요청,int,v0092,
매수3차선호가,opt10004,주식호가요청,int_abs,v0093,
매수3차선잔량,opt10004,주식호가요청,int_abs,v0094,
매수3차선잔량대비,opt10004,주식호가요청,int,v0095,
매수4차선호가,opt10004,주식호가요청,int_abs,v0096,
매수4차선잔량,opt10004,주식호가요청,int_abs,v0097,
매수4차선잔량대비,opt10004,주식호가요청,int,v0098,
매수5차선호가,opt10004,주식호가요청,int_abs,v0099,
매수5차선잔량,opt10004,주식호가요청,int_abs,v0100,
매수5차선잔량대비,opt10004,주식호가요청,int,v0101,
매수6차선호가,opt10004,주식호가요청,int_abs,v0102,
매수6차선잔량,opt10004,주식호가요청,int_abs,v0103,
매수6차선잔량대비,opt10004,주식호가요청,int,v0104,
매수7차선호가,opt10004,주식호가요청,int_abs,v0105,
매수7차선잔량,opt10004,주식호가요청,int_abs,v0106,
매수7차선잔량대비,opt10004,주식호가요청,int,v0107,
매수8차선호가,opt10004,주식호가요청,int_abs,v0108,
매수8차선잔량,opt10004,주식호가요청,int_abs,v0109,
매수8차선잔량대비,opt10004,주식호가요청,int,v0110,
매수9차선호가,opt10004,주식호가요청,int_abs,v0111,
매수9차선잔량,opt10004,주식호가요청,int_abs,v0112,
매수9차선잔량대비,opt10004,주식호가요청,int,v0113,
매수10차선호가,opt10004,주식호가요청,int_abs,v0114,
매수10차선잔량,opt10004,주식호가요청,int_abs,v0115,
매수10차선잔량대비,opt10004,주식호가요청,int,v0116,
호가잔량기준시간,opt10004,주식호가요청,time,,
시간외매도잔량,opt10004,주식호가요청,int_abs,v0117,
시간외매도잔량직전대비,opt10004,주식호가요청,int,v0118,
시간외매수잔량,opt10004,주식호가요청,int_abs,v0119,
시간외매수잔량직전대비,opt10004,주식호가요청,int,v0120,
총매도잔량,opt10004,주식호가요청,int_abs,v0121,
총매도잔량직전대비,opt10004,주식호가요청,int,v0122,
총매수잔량,opt10004,주식호가요청,int_abs,v0123,
총매수잔량직전대비,opt10004,주식호가요청,int,v0124,
매도최우선잔량,opt10004,주식호가요청,int_abs,v0125,
매도최우선호가,opt10004,주식호가요청,int_abs,v0126,
매수최우선잔량,opt10004,주식호가요청,int_abs,v0127,
매수최우선호가,opt10004,주식호가요청,int_abs,v0128,
날짜,opt10005,주식일주월시분요청,date,,
시가,opt10005,주식일주월시분요청,int_abs,v0129,
고가,opt10005,주식일주월시분요청,int_abs,v0130,
저가,opt10005,주식일주월시분요청,int_abs,v0131,
종가,opt10005,주식일주월시분요청,int_abs,v0132,
대비,opt10005,주식일주월시분요청,int,v0133,
등락률,opt10005,주식일주월시분요청,pct,v0134,
거래량,opt10005,주식일주월시분요청,int_abs,v0135,
거래대금,opt10005,주식일주월시분요청,int_abs,v0136,6.0
체결강도,opt10005,주식일주월시분요청,float,v0137,
외인보유,opt10005,주식일주월시분요청,int_abs,v0138,
외인비중,opt10005,주식일주월시분요청,pct,v0139,
외인순매수,opt10005,주식일주월시분요청,int,v0140,
기관순매수,opt10005,주식일주월시분요청,int,v0141,
외국계,opt10005,주식일주월시분요청,int,v0142,
신용잔고율,opt10005,주식일주월시분요청,pct,v0143,
프로그램,opt10005,주식일주월시분요청,int,v0144,
날짜,OPT10006,주식시분요청,date,,
시가,OPT10006,주식시분요청,int_abs,v0145,
고가,OPT10006,주식시분요청,int_abs,v0146,
저가,OPT10006,주식시분요청,int_abs,v0147,
종가,OPT10006,주식시분요청,int_abs,v0148,
대비,OPT10006,주식시분요청,int,v0149,
등락률,OPT10006,주식시분요청,pct,v0150,
거래량,OPT10006,주식시분요청,int_abs,v0151,
거래대금,OPT10006,주식시분요청,int_abs,v0152,6.0
종목명,opt10007,시세표성정보요청,str,,
종목코드,opt10007,시세표성정보요청,str,,
날짜,opt10007,시세표성정보요청,date,,
시간,opt10007,시세표성정보요청,time,,
전일종가,opt10007,시세표성정보요청,int_abs,v0153,
전일거래량,opt10007,시세표성정보요청,int_abs,v0154,
상한가,opt10007,시세표성정보요청,int_abs,v0155,
하한가,opt10007,시세표성정보요청,int_abs,v0156,
전일거래대금,opt10007,시세표성정보요청,int_abs,v0157,6.0
상장주식수,opt10007,시세표성정보요청,int_abs,v0158,
현재가,opt10007,시세표성정보요청,int_abs,v0159,
부호,opt10007,시세표성정보요청,str,,
등락률,opt10007,시세표성정보요청,pct,v0160,
전일비,opt10007,시세표성정보요청,str,,
시가,opt10007,시세표성정보요청,int_abs,v0161,
고가,opt10007,시세표성정보요청,int_abs,v0162,
저가,opt10007,시세표성정보요청,int_abs,v0163,
체결량,opt10007,시세표성정보요청,int_abs,v0164,
거래량,opt10007,시세표성정보요청,int_abs,v0165,
거래대금,opt10007,시세표성정보요청,int_abs,v0166,6.0
예상체결가,opt10007,시세표성정보요청,int_abs,v0167,
에상체결량,opt10007,시세표성정보요청,int_abs,v0168,
예상매도우선호가,opt10007,시세표성정보요청,int_abs,v0169,
예상매수우선호가,opt10007,시세표성정보요청,int_abs,v0170,
거래시작일,opt10007,시세표성정보요청,date,,
행사가격,opt10007,시세표성정보요청,int_abs,v0171,
최고가,opt10007,시세표성정보요청,int_abs,v0172,
최저가,opt10007,시세표성정보요청,int_abs,v0173,
최고가일,opt10007,시세표성정보요청,date,,
최저가일,opt10007,시세표성정보요청,date,,
매도1호가,opt10007,시세표성정보요청,int_abs,v0174,
매도1호가잔량,opt10007,시세표성정보요청,int_abs,v0175,
매도1호가직전대비,opt10007,시세표성정보요청,int,v0176,
매도2호가,opt10007,시세표성정보요청,int_abs,v0177,
매도2호가잔량,opt10007,시세표성정보요청,int_abs,v0178,
매도2호가직전대비,opt10007,시세표성정보요청,int,v0179,
매도3호가,opt10007,시세표성정보요청,int_abs,v0180,
매도3호가잔량,opt10007,시세표성정보요청,int_abs,v0181,
매도3호가직전대비,opt10007,시세표성정보요청,int,v0182,
매도4호가,opt10007,시세표성정보요청,int_abs,v0183,
매도4호가잔량,opt10007,시세표성정보요청,int_abs,v0184,
매도4호가직전대비,opt10007,시세표성정보요청,int,v0185,
매도5호가,opt10007,시세표성정보요청,int_abs,v0186,
매도5호가잔량,opt10007,시세표성정보요청,int_abs,v0187,
매도5호가직전대비,opt10007,시세표성정보요청,int,v0188,
매도6호가,opt10007,시세표성정보요청,int_abs,v0189,
매도6호가잔량,opt10007,시세표성정보요청,int_abs,v0190,
매도6호가직전대비,opt10007,시세표성정보요청,int,v0191,
매도7호가,opt10007,시세표성정보요청,int_abs,v0192,
매도7호가잔량,opt10007,시세표성정보요청,int_abs,v0193,
매도7호가직전대비,opt10007,시세표성정보요청,int,v0194,
매도8호가,opt10007,시세표성정보요청,int_abs,v0195,
매도8호가잔량,opt10007,시세표성정보요청,int_abs,v0196,
매도8호가직전대비,opt10007,시세표성정보요청,int,v0197,
매도9호가,opt10007,시세표성정보요청,int_abs,v0198,
매도9호가잔량,opt10007,시세표성정보요청,int_abs,v0199,
매도9호가직전대비,opt10007,시세표성정보요청,int,v0200,
매도10호가,opt10007,시세표성정보요청,int_abs,v0201,
매도10호가잔량,opt10007,시세표성정보요청,int_abs,v0202,
매도10호가직전대비,opt10007,시세표성정보요청,int,v0203,
매수1호가,opt10007,시세표성정보요청,int_abs,v0204,
매수1호가잔량,opt10007,시세표성정보요청,int_abs,v0205,
매수1호가직전대비,opt10007,시세표성정보요청,int,v0206,
매수2호가,opt10007,시세표성정보요청,int_abs,v0207,
매수2호가잔량,opt10007,시세표성정보요청,int_abs,v0208,
매수2호가직전대비,opt10007,시세표성정보요청,int,v0209,
매수3호가,opt10007,시세표성정보요청,int_abs,v0210,
매수3호가잔량,opt10007,시세표성정보요청,int_abs,v0211,
매수3호가직전대비,opt10007,시세표성정보요청,int,v0212,
매수4호가,opt10007,시세표성정보요청,int_abs,v0213,
매수4호가잔량,opt10007,시세표성정보요청,int_abs,v0214,
매수4호가직전대비,opt10007,시세표성정보요청,int,v0215,
매수5호가,opt10007,시세표성정보요청,int_abs,v0216,
매수5호가잔량,opt10007,시세표성정보요청,int_abs,v0217,
매수5호가직전대비,opt10007,시세표성정보요청,int,v0218,
매수6호가,opt10007,시세표성정보요청,int_abs,v0219,
매수6호가잔량,opt10007,시세표성정보요청,int_abs,v0220,
매수6호가직전대비,opt10007,시세표성정보요청,int,v0221,
매수7호가,opt10007,시세표성정보요청,int_abs,v0222,
매수7호가잔량,opt10007,시세표성정보요청,int_abs,v0223,
매수7호가직전대비,opt10007,시세표성정보요청,int,v0224,
매수8호가,opt10007,시세표성정보요청,int_abs,v0225,
매수8호가잔량,opt10007,시세표성정보요청,int_abs,v0226,
매수8호가직전대비,opt10007,시세표성정보요청,int,v0227,
매수9호가,opt10007,시세표성정보요청,int_abs,v0228,
매수9호가잔량,opt10007,시세표성정보요청,int_abs,v0229,
매수9호가직전대비,opt10007,시세표성정보요청,int,v0230,
매수10호가,opt10007,시세표성정보요청,int_abs,v0231,
매수10호가잔량,opt10007,시세표성정보요청,int_abs,v0232,
매수10호가직전대비,opt10007,시세표성정보요청,int,v0233,
매도1호가잔량,opt10007,시세표성정보요청,int_abs,v0234,
매도2호가잔량,opt10007,시세표성정보요청,int_abs,v0235,
매도3호가잔량,opt10007,시세표성정보요청,int_abs,v0236,
매도4호가잔량,opt10007,시세표성정보요청,int_abs,v0237,
매도5호가잔량,opt10007,시세표성정보요청,int_abs,v0238,
매수1호가잔량,opt10007,시세표성정보요청,int_abs,v0239,
매수2호가잔량,opt10007,시세표성정보요청,int_abs,v0240,
매수3호가잔량,opt10007,시세표성정보요청,int_abs,v0241,
매수4호가잔량,opt10007,시세표성정보요청,int_abs,v0242,
매수5호가잔량,opt10007,시세표성정보요청,int_abs,v0243,
LP매도1호가잔량,opt10007,시세표성정보요청,int_abs,v0244,
LP매도2호가잔량,opt10007,시세표성정보요청,int_abs,v0245,
LP매도3호가잔량,opt10007,시세표성정보요청,int_abs,v0246,
LP매도4호가잔량,opt10007,시세표성정보요청,int_abs,v0247,
LP매도5호가잔량,opt10007,시세표성정보요청,int_abs,v0248,
LP매수1호가잔량,opt10007,시세표성정보요청,int_abs,v0249,
LP매수2호가잔량,opt10007,시세표성정보요청,int_abs,v0250,
LP매수3호가잔량,opt10007,시세표성정보요청,int_abs,v0251,
LP매수4호가잔량,opt10007,시세표성정보요청,int_abs,v0252,
LP매수5호가잔량,opt10007,시세표성정보요청,int_abs,v0253,
총매도잔량,opt10007,시세표성정보요청,int_abs,v0254,
총매도건수,opt10007,시세표성정보요청,int_abs,v0255,
총매수잔량,opt10007,시세표성정보요청,int_abs,v0256,
총매수건수,opt10007,시세표성정보요청,int_abs,v0257,
일자,opt10008,주식외국인요청,date,,
종가,opt10008,주식외국인요청,int_abs,v0258,
전일대비,opt10008,주식외국인요청,int,v0259,
거래량,opt10008,주식외국인요청,int_abs,v0260,
변동수량,opt10008,주식외국인요청,int_abs,v0261,
보유주식수,opt10008,주식외국인요청,int_abs,v0262,
비중,opt10008,주식외국인요청,pct,v0263,
취득가능주식수,opt10008,주식외국인요청,int_abs,v0264,
외국인한도,opt10008,주식외국인요청,float,v0265,
외국인한도증감,opt10008,주식외국인요청,int,v0266,
한도소진률,opt10008,주식외국인요청,pct,v0267,
날짜,OPT10009,주식기관요청,date,,
종가,OPT10009,주식기관요청,int_abs,v0268,
대비,OPT10009,주식기관요청,int,v0269,
기관기간누적,OPT10009,주식기관요청,int_abs,v0270,
기관일변순매매,OPT10009,주식기관요청,int_abs,v0271,
외국인일변순매매,OPT10009,주식기관요청,int_abs,v0272,
외국인지분율,OPT10009,주식기관요청,pct,v0273,
차익위탁매수수량,OPT10010,업종프로그램요청,int_abs,v0274,
차익위탁매수금액,OPT10010,업종프로그램요청,int_abs,v0275,
차익위탁매도수량,OPT10010,업종프로그램요청,int_abs,v0276,
차익위탁매도금액,OPT10010,업종프로그램요청,int_abs,v0277,
차익위탁순매수수량,OPT10010,업종프로그램요청,int_abs,v0278,
차익위탁순매수금액,OPT10010,업종프로그램요청,int_abs,v0279,
비차익위탁매수수량,OPT10010,업종프로그램요청,int_abs,v0280,
비차익위탁매수금액,OPT10010,업종프로그램요청,int_abs,v0281,
비차익위탁매도수량,OPT10010,업종프로그램요청,int_abs,v0282,
비차익위탁매도금액,OPT10010,업종프로그램요청,int_abs,v0283,
비차익위탁순매수수량,OPT10010,업종프로그램요청,int_abs,v0284,
비차익위탁순매수금액,OPT10010,업종프로그램요청,int_abs,v0285,
전체차익위탁매수수량,OPT10010,업종프로그램요청,int_abs,v0286,
전체차익위탁매수금액,OPT10010,업종프로그램요청,int_abs,v0287,
전체차익위탁매도수량,OPT10010,업종프로그램요청,int_abs,v0288,
전체차익위탁매도금액,OPT10010,업종프로그램요청,int_abs,v0289,
전체차익위탁순매수수량,OPT10010,업종프로그램요청,int_abs,v0290,
전체차익위탁순매수금액,OPT10010,업종프로그램요청,int_abs,v0291,
종목코드,opt10011,신주인수권전체시세요청,str,,
종목명,opt10011,신주인수권전체시세요청,str,,
현재가,opt10011,신주인수권전체시세요청,int_abs,v0292,
전일대비기호,opt10011,신주인수권전체시세요청,str,,
전일대비,opt10011,신주인수권전체시세요청,int,v0293,
등락율,opt10011,신주인수권전체시세요청,pct,v0294,
최우선매도호가,opt10011,신주인수권전체시세요청,int_abs,v0295,
최우선매수호가,opt10011,신주인수권전체시세요청,int_abs,v0296,
누적거래량,opt10011,신주인수권전체시세요청,int_abs,v0297,
시가,opt10011,신주인수권전체시세요청,int_abs,v0298,
고가,opt10011,신주인수권전체시세요청,int_abs,v0299,
저가,opt10011,신주인수권전체시세요청,int_abs,v0300,
일자,opt10013,신용매매동향요청,date,,
현재가,opt10013,신용매매동향요청,int_abs,v0301,
전일대비기호,opt10013,신용매매동향요청,str,,
전일대비,opt10013,신용매매동향요청,int,v0302,
거래량,opt10013,신용매매동향요청,int_abs,v0303,
신규,opt10013,신용매매동향요청,str,,
상환,opt10013,신용매매동향요청,str,,
잔고,opt10013,신용매매동향요청,int,v0304,
금액,opt10013,신용매매동향요청,int_abs,v0305,
대비,opt10013,신용매매동향요청,int,v0306,
공여율,opt10013,신용매매동향요청,pct,v0307,
잔고율,opt10013,신용매매동향요청,pct,v0308,
일자,opt10014,공매도추이요청,date,,
종가,opt10014,공매도추이요청,int_abs,v0309,
전일대비기호,opt10014,공매도추이요청,str,,
전일대비,opt10014,공매도추이요청,int,v0310,
등락율,opt10014,공매도추이요청,pct,v0311,
거래량,opt10014,공매도추이요청,int_abs,v0312,
공매도량,opt10014,공매도추이요청,int_abs,v0313,
매매비중,opt10014,공매도추이요청,pct,v0314,
공매도거래대금,opt10014,공매도추이요청,int_abs,v0315,6.0
공매도평균가,opt10014,공매도추이요청,int_abs,v0316,
일자,opt10015,일별거래상세요청,date,,
종가,opt10015,일별거래상세요청,int_abs,v0317,
전일대비기호,opt10015,일별거래상세요청,str,,
전일대비,opt10015,일별거래상세요청,int,v0318,
등락율,opt10015,일별거래상세요청,pct,v0319,
거래량,opt10015,일별거래상세요청,int_abs,v0320,
거래대금,opt10015,일별거래상세요청,int_abs,v0321,6.0
장전거래량,opt10015,일별거래상세요청,int_abs,v0322,
장전거래비중,opt10015,일별거래상세요청,pct,v0323,
장중거래량,opt10015,일별거래상세요청,int_abs,v0324,
장중거래비중,opt10015,일별거래상세요청,pct,v0325,
장후거래량,opt10015,일별거래상세요청,int_abs,v0326,
장후거래비중,opt10015,일별거래상세요청,pct,v0327,
합계3,opt10015,일별거래상세요청,int,v0328,
기간중거래량,opt10015,일별거래상세요청,int_abs,v0329,
체결강도,opt10015,일별거래상세요청,float,v0330,
외인보유,opt10015,일별거래상세요청,int_abs,v0331,
외인비중,opt10015,일별거래상세요청,pct,v0332,
외인순매수,opt10015,일별거래상세요청,int,v0333,
기관순매수,opt10015,일별거래상세요청,int,v0334,
개인순매수,opt10015,일별거래상세요청,int,v0335,
외국계,opt10015,일별거래상세요청,int,v0336,
신용잔고율,opt10015,일별거래상세요청,pct,v0337,
프로그램,opt10015,일별거래상세요청,int,v0338,
장전거래대금,opt10015,일별거래상세요청,int_abs,v0339,6.0
장전거래대금비중,opt10015,일별거래상세요청,pct,v0340,
장중거래대금,opt10015,일별거래상세요청,int_abs,v0341,6.0
장중거래대금비중,opt10015,일별거래상세요청,pct,v0342,
장후거래대금,opt10015,일별거래상세요청,int_abs,v0343,6.0
장후거래대금비중,opt10015,일별거래상세요청,pct,v0344,
종목코드,OPT10016,신고저가요청,str,,
종목명,OPT10016,신고저가요청,str,,
현재가,OPT10016,신고저가요청,int_abs,v0345,
전일대비기호,OPT10016,신고저가요청,str,,
전일대비,OPT10016,신고저가요청,int,v0346,
등락률,OPT10016,신고저가요청,pct,v0347,
거래량,OPT10016,신고저가요청,int_abs,v0348,
전일거래량대비율,OPT10016,신고저가요청,pct,v0349,
매도호가,OPT10016,신고저가요청,int_abs,v0350,
매수호가,OPT10016,신고저가요청,int_abs,v0351,
고가,OPT10016,신고저가요청,int_abs,v0352,
저가,OPT10016,신고저가요청,int_abs,v0353,
종목코드,opt10017,상하한가요청,str,,
종목정보,opt10017,상하한가요청,str,,
종목명,opt10017,상하한가요청,str,,
현재가,opt10017,상하한가요청,int_abs,v0354,
전일대비기호,opt10017,상하한가요청,str,,
전일대비,opt10017,상하한가요청,int,v0355,
등락률,opt10017,상하한가요청,pct,v0356,
거래량,opt10017,상하한가요청,int_abs,v0357,
전일거래량,opt10017,상하한가요청,int_abs,v0358,
매도잔량,opt10017,상하한가요청,int_abs,v0359,
매도호가,opt10017,상하한가요청,int_abs,v0360,
매수잔량,opt10017,상하한가요청,int_abs,v0361,
매수호가,opt10017,상하한가요청,int_abs,v0362,
횟수,opt10017,상하한가요청,int,v0363,
종목코드,OPT10018,고저가근접요청,str,,
종목명,OPT10018,고저가근접요청,str,,
현재가,OPT10018,고저가근접요청,int_abs,v0364,
전일대비기호,OPT10018,고저가근접요청,str,,
전일대비,OPT10018,고저가근접요청,int,v0365,
등락률,OPT10018,고저가근접요청,pct,v0366,
거래량,OPT10018,고저가근접요청,int_abs,v0367,
매도호가,OPT10018,고저가근접요청,int_abs,v0368,
매수호가,OPT10018,고저가근접요청,int_abs,v0369,
당일저가,OPT10018,고저가근접요청,int_abs,v0370,
종목코드,opt10019,가격급등락요청,str,,
종목분류,opt10019,가격급등락요청,str,,
종목명,opt10019,가격급등락요청,str,,
전일대비기호,opt10019,가격급등락요청,str,,
전일대비,opt10019,가격급등락요청,int,v0371,
등락률,opt10019,가격급등락요청,pct,v0372,
기준가,opt10019,가격급등락요청,int_abs,v0373,
현재가,opt10019,가격급등락요청,int_abs,v0374,
기준대비,opt10019,가격급등락요청,int,v0375,
급등률,opt10019,가격급등락요청,pct,v0376,
종목코드,OPT10020,호가잔량상위요청,str,,
종목명,OPT10020,호가잔량상위요청,str,,
현재가,OPT10020,호가잔량상위요청,int_abs,v0377,
전일대비기호,OPT10020,호가잔량상위요청,str,,
전일대비,OPT10020,호가잔량상위요청,int,v0378,
거래량,OPT10020,호가잔량상위요청,int_abs,v0379,
총매도잔량,OPT10020,호가잔량상위요청,int_abs,v0380,
총매수잔량,OPT10020,호가잔량상위요청,int_abs,v0381,
순매수잔량,OPT10020,호가잔량상위요청,int_abs,v0382,
매수비율,OPT10020,호가잔량상위요청,pct,v0383,
종목코드,OPT10021,호가잔량급증요청,str,,
종목명,OPT10021,호가잔량급증요청,str,,
현재가,OPT10021,호가잔량급증요청,int_abs,v0384,
전일대비기호,OPT10021,호가잔량급증요청,str,,
전일대비,OPT10021,호가잔량급증요청,int,v0385,
기준률,OPT10021,호가잔량급증요청,pct,v0386,
현재,OPT10021,호가잔량급증요청,str,,
급증수량,OPT10021,호가잔량급증요청,int_abs,v0387,
급증률,OPT10021,호가잔량급증요청,pct,v0388,
총매수량,OPT10021,호가잔량급증요청,int_abs,v0389,
종목코드,OPT10022,잔량율급증요청,str,,
종목명,OPT10022,잔량율급증요청,str,,
현재가,OPT10022,잔량율급증요청,int_abs,v0390,
전일대비기호,OPT10022,잔량율급증요청,str,,
전일대비,OPT10022,잔량율급증요청,int,v0391,
기준률,OPT10022,잔량율급증요청,pct,v0392,
현재비율,OPT10022,잔량율급증요청,pct,v0393,
급증률,OPT10022,잔량율급증요청,pct,v0394,
총매도잔량,OPT10022,잔량율급증요청,int_abs,v0395,
총매수잔량,OPT10022,잔량율급증요청,int_abs,v0396,
종목코드,OPT10023,거래량급증요청,str,,
종목명,OPT10023,거래량급증요청,str,,
현재가,OPT10023,거래량급증요청,int_abs,v0397,
전일대비기호,OPT10023,거래량급증요청,str,,
전일대비,OPT10023,거래량급증요청,int,v0398,
등락률,OPT10023,거래량급증요청,pct,v0399,
이전거래량,OPT10023,거래량급증요청,int_abs,v0400,
현재거래량,OPT10023,거래량급증요청,int_abs,v0401,
급증량,OPT10023,거래량급증요청,int_abs,v0402,
급증률,OPT10023,거래량급증요청,pct,v0403,
종목코드,OPT10024,거래량갱신요청,str,,
종목명,OPT10024,거래량갱신요청,str,,
현재가,OPT10024,거래량갱신요청,int_abs,v0404,
전일대비기호,OPT10024,거래량갱신요청,str,,
전일대비,OPT10024,거래량갱신요청,int,v0405,
등락률,OPT10024,거래량갱신요청,pct,v0406,
이전거래량,OPT10024,거래량갱신요청,int_abs,v0407,
현재거래량,OPT10024,거래량갱신요청,int_abs,v0408,
매도호가,OPT10024,거래량갱신요청,int_abs,v0409,
매수호가,OPT10024,거래량갱신요청,int_abs,v0410,
종목코드,OPT10025,매물대집중요청,str,,
종목명,OPT10025,매물대집중요청,str,,
현재가,OPT10025,매물대집중요청,int_abs,v0411,
전일대비기호,OPT10025,매물대집중요청,str,,
전일대비,OPT10025,매물대집중요청,int,v0412,
등락률,OPT10025,매물대집중요청,pct,v0413,
현재거래량,OPT10025,매물대집중요청,int_abs,v0414,
가격대시작,OPT10025,매물대집중요청,str,,
가격대끝,OPT10025,매물대집중요청,str,,
매물량,OPT10025,매물대집중요청,int_abs,v0415,
매물비,OPT10025,매물대집중요청,str,,
종목코드,opt10026,고저PER요청,str,,
종목명,opt10026,고저PER요청,str,,
PER,opt10026,고저PER요청,float,v0416,
현재가,opt10026,고저PER요청,int_abs,v0417,
전일대비기호,opt10026,고저PER요청,str,,
전일대비,opt10026,고저PER요청,int,v0418,
등락률,opt10026,고저PER요청,pct,v0419,
현재거래량,opt10026,고저PER요청,int_abs,v0420,
매도호가,opt10026,고저PER요청,int_abs,v0421,
종목분류,opt10027,전일대비등락률상위요청,str,,
종목코드,opt10027,전일대비등락률상위요청,str,,
종목명,opt10027,전일대비등락률상위요청,str,,
현재가,opt10027,전일대비등락률상위요청,int_abs,v0422,
전일대비기호,opt10027,전일대비등락률상위요청,str,,
전일대비,opt10027,전일대비등락률상위요청,int,v0423,
등락률,opt10027,전일대비등락률상위요청,pct,v0424,
매도잔량,opt10027,전일대비등락률상위요청,int_abs,v0425,
매수잔량,opt10027,전일대비등락률상위요청,int_abs,v0426,
현재거래량,opt10027,전일대비등락률상위요청,int_abs,v0427,
체결강도,opt10027,전일대비등락률상위요청,float,v0428,
횟수,opt10027,전일대비등락률상위요청,int,v0429,
종목코드,opt10028,시가대비등락률요청,str,,
종목명,opt10028,시가대비등락률요청,str,,
현재가,opt10028,시가대비등락률요청,int_abs,v0430,
전일대비기호,opt10028,시가대비등락률요청,str,,
전일대비,opt10028,시가대비등락률요청,int,v0431,
등락률,opt10028,시가대비등락률요청,pct,v0432,
시가,opt10028,시가대비등락률요청,int_abs,v0433,
고가,opt10028,시가대비등락률요청,int_abs,v0434,
저가,opt10028,시가대비등락률요청,int_abs,v0435,
시가대비,opt10028,시가대비등락률요청,pct,v0436,
현재거래량,opt10028,시가대비등락률요청,int_abs,v0437,
체결강도,opt10028,시가대비등락률요청,float,v0438,
종목코드,OPT10029,예상체결등락률상위요청,str,,
종목명,OPT10029,예상체결등락률상위요청,str,,
예상체결가,OPT10029,예상체결등락률상위요청,int_abs,v0439,
기준가,OPT10029,예상체결등락률상위요청,int_abs,v0440,
전일대비기호,OPT10029,예상체결등락률상위요청,str,,
전일대비,OPT10029,예상체결등락률상위요청,int,v0441,
등락률,OPT10029,예상체결등락률상위요청,pct,v0442,
예상체결량,OPT10029,예상체결등락률상위요청,int_abs,v0443,
매도잔량,OPT10029,예상체결등락률상위요청,int_abs,v0444,
매도호가,OPT10029,예상체결등락률상위요청,int_abs,v0445,
매수잔량,OPT10029,예상체결등락률상위요청,int_abs,v0446,
매수호가,OPT10029,예상체결등락률상위요청,int_abs,v0447,
종목코드,opt10030,당일거래량상위요청,str,,
종목명,opt10030,당일거래량상위요청,str,,
현재가,opt10030,당일거래량상위요청,int_abs,v0448,
전일대비기호,opt10030,당일거래량상위요청,str,,
전일대비,opt10030,당일거래량상위요청,int,v0449,
등락률,opt10030,당일거래량상위요청,pct,v0450,
거래량,opt10030,당일거래량상위요청,int_abs,v0451,
전일비,opt10030,당일거래량상위요청,str,,
거래회전율,opt10030,당일거래량상위요청,pct,v0452,
거래금액,opt10030,당일거래량상위요청,int_abs,v0453,6.0
종목코드,OPT10031,전일거래량상위요청,str,,
종목명,OPT10031,전일거래량상위요청,str,,
현재가,OPT10031,전일거래량상위요청,int_abs,v0454,
전일대비기호,OPT10031,전일거래량상위요청,str,,
전일대비,OPT10031,전일거래량상위요청,int,v0455,
거래량,OPT10031,전일거래량상위요청,int_abs,v0456,
종목코드,OPT10032,거래대금상위요청,str,,
현재순위,OPT10032,거래대금상위요청,str,,
전일순위,OPT10032,거래대금상위요청,str,,
종목명,OPT10032,거래대금상위요청,str,,
현재가,OPT10032,거래대금상위요청,int_abs,v0457,
전일대비기호,OPT10032,거래대금상위요청,str,,
전일대비,OPT10032,거래대금상위요청,int,v0458,
등락률,OPT10032,거래대금상위요청,pct,v0459,
매도호가,OPT10032,거래대금상위요청,int_abs,v0460,
매수호가,OPT10032,거래대금상위요청,int_abs,v0461,
현재거래량,OPT10032,거래대금상위요청,int_abs,v0462,
거래대금,OPT10032,거래대금상위요청,int_abs,v0463,6.0
종목정보,opt10033,신용비율상위요청,str,,
종목코드,opt10033,신용비율상위요청,str,,
종목명,opt10033,신용비율상위요청,str,,
현재가,opt10033,신용비율상위요청,int_abs,v0464,
전일대비기호,opt10033,신용비율상위요청,str,,
전일대비,opt10033,신용비율상위요청,int,v0465,
등락률,opt10033,신용비율상위요청,pct,v0466,
신용비율,opt10033,신용비율상위요청,pct,v0467,
매도잔량,opt10033,신용비율상위요청,int_abs,v0468,
매수잔량,opt10033,신용비율상위요청,int_abs,v0469,
현재거래량,opt10033,신용비율상위요청,int_abs,v0470,
순위,OPT10034,외인기간별매매상위요청,str,,
종목코드,OPT10034,외인기간별매매상위요청,str,,
종목명,OPT10034,외인기간별매매상위요청,str,,
현재가,OPT10034,외인기간별매매상위요청,int_abs,v0471,
전일대비기호,OPT10034,외인기간별매매상위요청,str,,
전일대비,OPT10034,외인기간별매매상위요청,int,v0472,
매도호가,OPT10034,외인기간별매매상위요청,int_abs,v0473,
매수호가,OPT10034,외인기간별매매상위요청,int_abs,v0474,
거래량,OPT10034,외인기간별매매상위요청,int_abs,v0475,
순매수량,OPT10034,외인기간별매매상위요청,int_abs,v0476,
취득가능주식수,OPT10034,외인기간별매매상위요청,int_abs,v0477,
종목코드,OPT10035,외인연속순매매상위요청,str,,
종목명,OPT10035,외인연속순매매상위요청,str,,
현재가,OPT10035,외인연속순매매상위요청,int_abs,v0478,
전일대비기호,OPT10035,외인연속순매매상위요청,str,,
전일대비,OPT10035,외인연속순매매상위요청,int,v0479,
D-1,OPT10035,외인연속순매매상위요청,str,,
D-2,OPT10035,외인연속순매매상위요청,str,,
D-3,OPT10035,외인연속순매매상위요청,str,,
합계,OPT10035,외인연속순매매상위요청,int,v0480,
한도소진율,OPT10035,외인연속순매매상위요청,pct,v0481,
전일대비1,OPT10035,외인연속순매매상위요청,int,v0482,
전일대비2,OPT10035,외인연속순매매상위요청,int,v0483,
전일대비3,OPT10035,외인연속순매매상위요청,int,v0484,
순위,OPT10036,외인한도소진율증가상위,str,,
종목코드,OPT10036,외인한도소진율증가상위,str,,
종목명,OPT10036,외인한도소진율증가상위,str,,
현재가,OPT10036,외인한도소진율증가상위,int_abs,v0485,
전일대비기호,OPT10036,외인한도소진율증가상위,str,,
전일대비,OPT10036,외인한도소진율증가상위,int,v0486,
거래량,OPT10036,외인한도소진율증가상위,int_abs,v0487,
보유주식수,OPT10036,외인한도소진율증가상위,int_abs,v0488,
취득가능주식수,OPT10036,외인한도소진율증가상위,int_abs,v0489,
기준한도소진율,OPT10036,외인한도소진율증가상위,pct,v0490,
한도소진율,OPT10036,외인한도소진율증가상위,pct,v0491,
소진율증가,OPT10036,외인한도소진율증가상위,int_abs,v0492,
순위,opt10037,외국계창구매매상위요청,str,,
종목코드,opt10037,외국계창구매매상위요청,str,,
종목명,opt10037,외국계창구매매상위요청,str,,
현재가,opt10037,외국계창구매매상위요청,int_abs,v0493,
전일대비기호,opt10037,외국계창구매매상위요청,str,,
전일대비,opt10037,외국계창구매매상위요청,int,v0494,
등락율,opt10037,외국계창구매매상위요청,pct,v0495,
매도거래량,opt10037,외국계창구매매상위요청,int_abs,v0496,
매수거래량,opt10037,외국계창구매매상위요청,int_abs,v0497,
순매수거래량,opt10037,외국계창구매매상위요청,int_abs,v0498,
순매수대금,opt10037,외국계창구매매상위요청,int_abs,v0499,
거래량,opt10037,외국계창구매매상위요청,int_abs,v0500,
거래대금,opt10037,외국계창구매매상위요청,int_abs,v0501,6.0
순위,opt10038,종목별증권사순위요청,str,,
회원사명,opt10038,종목별증권사순위요청,str,,
매수수량,opt10038,종목별증권사순위요청,int_abs,v0502,
매도수량,opt10038,종목별증권사순위요청,int_abs,v0503,
누적순매수수량,opt10038,종목별증권사순위요청,int_abs,v0504,
순위,OPT10039,증권사별매매상위요청,str,,
종목코드,OPT10039,증권사별매매상위요청,str,,
종목명,OPT10039,증권사별매매상위요청,str,,
기간중주가등락,OPT10039,증권사별매매상위요청,str,,
등락율,OPT10039,증권사별매매상위요청,pct,v0505,
기간중거래량,OPT10039,증권사별매매상위요청,int_abs,v0506,
순매수,OPT10039,증권사별매매상위요청,int,v0507,
매수거래량,OPT10039,증권사별매매상위요청,int_abs,v0508,
매도거래량,OPT10039,증권사별매매상위요청,int_abs,v0509,
매수거래원별증감1,opt10040,당일주요거래원요청,int,v0510,
매수거래원별증감2,opt10040,당일주요거래원요청,int,v0511,
매수거래원별증감3,opt10040,당일주요거래원요청,int,v0512,
매수거래원별증감4,opt10040,당일주요거래원요청,int,v0513,
매수거래원별증감5,opt10040,당일주요거래원요청,int,v0514,
매수거래원수량1,opt10040,당일주요거래원요청,int_abs,v0515,
매수거래원수량2,opt10040,당일주요거래원요청,int_abs,v0516,
매수거래원수량3,opt10040,당일주요거래원요청,int_abs,v0517,
매수거래원수량4,opt10040,당일주요거래원요청,int_abs,v0518,
매수거래원수량5,opt10040,당일주요거래원요청,int_abs,v0519,
매수거래원1,opt10040,당일주요거래원요청,str,,
매수거래원2,opt10040,당일주요거래원요청,str,,
매수거래원3,opt10040,당일주요거래원요청,str,,
매수거래원4,opt10040,당일주요거래원요청,str,,
매수거래원5,opt10040,당일주요거래원요청,str,,
매수거래원코드1,opt10040,당일주요거래원요청,str,,
매수거래원코드2,opt10040,당일주요거래원요청,str,,
매수거래원코드3,opt10040,당일주요거래원요청,str,,
매수거래원코드4,opt10040,당일주요거래원요청,str,,
매수거래원코드5,opt10040,당일주요거래원요청,str,,
매도거래원별증감1,opt10040,당일주요거래원요청,int,v0520,
매도거래원별증감2,opt10040,당일주요거래원요청,int,v0521,
매도거래원별증감3,opt10040,당일주요거래원요청,int,v0522,
매도거래원별증감4,opt10040,당일주요거래원요청,int,v0523,
매도거래원별증감5,opt10040,당일주요거래원요청,int,v0524,
매도거래원수량1,opt10040,당일주요거래원요청,int_abs,v0525,
매도거래원수량2,opt10040,당일주요거래원요청,int_abs,v0526,
매도거래원수량3,opt10040,당일주요거래원요청,int_abs,v0527,
매도거래원수량4,opt10040,당일주요거래원요청,int_abs,v0528,
매도거래원수량5,opt10040,당일주요거래원요청,int_abs,v0529,
매도거래원1,opt10040,당일주요거래원요청,str,,
매도거래원2,opt10040,당일주요거래원요청,str,,
매도거래원3,opt10040,당일주요거래원요청,str,,
매도거래원4,opt10040,당일주요거래원요청,str,,
매도거래원5,opt10040,당일주요거래원요청,str,,
매도거래원코드1,opt10040,당일주요거래원요청,str,,
매도거래원코드2,opt10040,당일주요거래원요청,str,,
매도거래원코드3,opt10040,당일주요거래원요청,str,,
매도거래원코드4,opt10040,당일주요거래원요청,str,,
매도거래원코드5,opt10040,당일주요거래원요청,str,,
외국계매수추정합변동,opt10040,당일주요거래원요청,int,v0530,
외국계매수추정합,opt10040,당일주요거래원요청,int,v0531,
외국계매도추정합변동,opt10040,당일주요거래원요청,int,v0532,
외국계매도추정합,opt10040,당일주요거래원요청,int,v0533,
일자,opt10042,순매수거래원순위요청,date,,
종가,opt10042,순매수거래원순위요청,int_abs,v0534,
대비기호,opt10042,순매수거래원순위요청,str,,
전일대비,opt10042,순매수거래원순위요청,int,v0535,
매도량,opt10042,순매수거래원순위요청,int_abs,v0536,
매수량,opt10042,순매수거래원순위요청,int_abs,v0537,
순매수수량,opt10042,순매수거래원순위요청,int_abs,v0538,
거래량합,opt10042,순매수거래원순위요청,str,,
거래비중,opt10042,순매수거래원순위요청,pct,v0539,
종목코드,opt10043,거래원매물대분석요청,str,,
종목명,opt10043,거래원매물대분석요청,str,,
순매수수량,opt10043,거래원매물대분석요청,int_abs,v0540,
순매수금액,opt10043,거래원매물대분석요청,int_abs,v0541,
추정평균가,opt10043,거래원매물대분석요청,int_abs,v0542,
현재가,opt10043,거래원매물대분석요청,int_abs,v0543,
평균가대비,opt10043,거래원매물대분석요청,int,v0544,
대비율,opt10043,거래원매물대분석요청,pct,v0545,
종목코드,OPT10044,일별기관매매종목요청,str,,
종목명,OPT10044,일별기관매매종목요청,str,,
순매수수량,OPT10044,일별기관매매종목요청,int_abs,v0546,
순매수금액,OPT10044,일별기관매매종목요청,int_abs,v0547,
추정평균가,OPT10044,일별기관매매종목요청,int_abs,v0548,
현재가,OPT10044,일별기관매매종목요청,int_abs,v0549,
평균가대비,OPT10044,일별기관매매종목요청,int,v0550,
대비율,OPT10044,일별기관매매종목요청,pct,v0551,
일자,opt10045,종목별기관매매추이요청,date,,
종가,opt10045,종목별기관매매추이요청,int_abs,v0552,
대비기호,opt10045,종목별기관매매추이요청,str,,
전일대비,opt10045,종목별기관매매추이요청,int,v0553,
등락율,opt10045,종목별기관매매추이요청,pct,v0554,
거래량,opt10045,종목별기관매매추이요청,int_abs,v0555,
기관기간누적,opt10045,종목별기관매매추이요청,int_abs,v0556,
기관일별순매매수량,opt10045,종목별기관매매추이요청,int_abs,v0557,
외인기간누적,opt10045,종목별기관매매추이요청,str,,
외인일별순매매수량,opt10045,종목별기관매매추이요청,int_abs,v0558,
한도소진율,opt10045,종목별기관매매추이요청,pct,v0559,
체결시간,opt10046,체결강도추이시간별요청,time,,
현재가,opt10046,체결강도추이시간별요청,int_abs,v0560,
전일대비,opt10046,체결강도추이시간별요청,int,v0561,
전일대비기호,opt10046,체결강도추이시간별요청,str,,
등락율,opt10046,체결강도추이시간별요청,pct,v0562,
거래량,opt10046,체결강도추이시간별요청,int_abs,v0563,
누적거래대금,opt10046,체결강도추이시간별요청,int_abs,v0564,6.0
누적거래량,opt10046,체결강도추이시간별요청,int_abs,v0565,
체결강도,opt10046,체결강도추이시간별요청,float,v0566,
체결강도5분,opt10046,체결강도추이시간별요청,str,,
체결강도20분,opt10046,체결강도추이시간별요청,str,,
체결강도60분,opt10046,체결강도추이시간별요청,str,,
일자,opt10047,체결강도추이일별요청,date,,
현재가,opt10047,체결강도추이일별요청,int_abs,v0567,
전일대비,opt10047,체결강도추이일별요청,int,v0568,
전일대비기호,opt10047,체결강도추이일별요청,str,,
등락율,opt10047,체결강도추이일별요청,pct,v0569,
거래량,opt10047,체결강도추이일별요청,int_abs,v0570,
누적거래대금,opt10047,체결강도추이일별요청,int_abs,v0571,6.0
누적거래량,opt10047,체결강도추이일별요청,int_abs,v0572,
체결강도,opt10047,체결강도추이일별요청,float,v0573,
체결강도5분,opt10047,체결강도추이일별요청,str,,
체결강도20분,opt10047,체결강도추이일별요청,str,,
체결강도60분,opt10047,체결강도추이일별요청,str,,
업종코드,OPT10051,업종별투자자순매수요청,str,,
업종명,OPT10051,업종별투자자순매수요청,str,,
현재가,OPT10051,업종별투자자순매수요청,int_abs,v0574,
대비부호,OPT10051,업종별투자자순매수요청,str,,
전일대비,OPT10051,업종별투자자순매수요청,int,v0575,
등락율,OPT10051,업종별투자자순매수요청,pct,v0576,
거래량,OPT10051,업종별투자자순매수요청,int_abs,v0577,
증권순매수,OPT10051,업종별투자자순매수요청,int,v0578,
보험순매수,OPT10051,업종별투자자순매수요청,int,v0579,
투신순매수,OPT10051,업종별투자자순매수요청,int,v0580,
은행순매수,OPT10051,업종별투자자순매수요청,int,v0581,
종신금순매수,OPT10051,업종별투자자순매수요청,int,v0582,
기금순매수,OPT10051,업종별투자자순매수요청,int,v0583,
기타법인순매수,OPT10051,업종별투자자순매수요청,int,v0584,
개인순매수,OPT10051,업종별투자자순매수요청,int,v0585,
외국인순매수,OPT10051,업종별투자자순매수요청,int,v0586,
내국인대우외국인순매수,OPT10051,업종별투자자순매수요청,int,v0587,
국가순매수,OPT10051,업종별투자자순매수요청,int,v0588,
사모펀드순매수,OPT10051,업종별투자자순매수요청,int,v0589,
기관계순매수,OPT10051,업종별투자자순매수요청,int,v0590,
시간,opt10052,거래원순간거래량요청,time,,
종목코드,opt10052,거래원순간거래량요청,str,,
종목명,opt10052,거래원순간거래량요청,str,,
거래원명,opt10052,거래원순간거래량요청,str,,
구분,opt10052,거래원순간거래량요청,str,,
순간거래량,opt10052,거래원순간거래량요청,int_abs,v0591,
누적순매수,opt10052,거래원순간거래량요청,int,v0592,
현재가,opt10052,거래원순간거래량요청,int_abs,v0593,
전일대비기호,opt10052,거래원순간거래량요청,str,,
전일대비,opt10052,거래원순간거래량요청,int,v0594,
전일대비,opt10052,거래원순간거래량요청,int,v0595,
종목코드,opt10054,변동성완화장치발동종목요청,str,,
종목명,opt10054,변동성완화장치발동종목요청,str,,
누적거래량,opt10054,변동성완화장치발동종목요청,int_abs,v0596,
발동가격,opt10054,변동성완화장치발동종목요청,int_abs,v0597,
동적괴리율,opt10054,변동성완화장치발동종목요청,pct,v0598,
매매체결처리시각,opt10054,변동성완화장치발동종목요청,time,,
VI해제시각,opt10054,변동성완화장치발동종목요청,time,,
VI적용구분,opt10054,변동성완화장치발동종목요청,str,,
동적기준가격,opt10054,변동성완화장치발동종목요청,int_abs,v0599,
정적기준가격,opt10054,변동성완화장치발동종목요청,int_abs,v0600,
정적괴리율,opt10054,변동성완화장치발동종목요청,pct,v0601,
시가대비등락률,opt10054,변동성완화장치발동종목요청,pct,v0602,
VI발동횟수,opt10054,변동성완화장치발동종목요청,int,v0603,
체결시간,opt10055,당일전일체결대량요청,time,,
체결가,opt10055,당일전일체결대량요청,int_abs,v0604,
전일대비기호,opt10055,당일전일체결대량요청,str,,
전일대비,opt10055,당일전일체결대량요청,int,v0605,
등락율,opt10055,당일전일체결대량요청,pct,v0606,
체결량,opt10055,당일전일체결대량요청,int_abs,v0607,
누적거래량,opt10055,당일전일체결대량요청,int_abs,v0608,
누적거래대금,opt10055,당일전일체결대량요청,int_abs,v0609,6.0
종목코드,OPT10058,투자자별일별매매종목요청,str,,
종목명,OPT10058,투자자별일별매매종목요청,str,,
순매도수량,OPT10058,투자자별일별매매종목요청,int_abs,v0610,
순매도금액,OPT10058,투자자별일별매매종목요청,int_abs,v0611,
추정평균가,OPT10058,투자자별일별매매종목요청,int_abs,v0612,
현재가,OPT10058,투자자별일별매매종목요청,int_abs,v0613,
대비기호,OPT10058,투자자별일별매매종목요청,str,,
전일대비,OPT10058,투자자별일별매매종목요청,int,v0614,
평균가대비,OPT10058,투자자별일별매매종목요청,int,v0615,
대비율,OPT10058,투자자별일별매매종목요청,pct,v0616,
기간거래량,OPT10058,투자자별일별매매종목요청,int_abs,v0617,
일자,opt10059,종목별투자자기관별요청,date,,
현재가,opt10059,종목별투자자기관별요청,int_abs,v0618,
대비기호,opt10059,종목별투자자기관별요청,str,,
전일대비,opt10059,종목별투자자기관별요청,int,v0619,
등락율,opt10059,종목별투자자기관별요청,pct,v0620,
누적거래량,opt10059,종목별투자자기관별요청,int_abs,v0621,
누적거래대금,opt10059,종목별투자자기관별요청,int_abs,v0622,6.0
개인투자자,opt10059,종목별투자자기관별요청,int,v0623,
외국인투자자,opt10059,종목별투자자기관별요청,int,v0624,
기관계,opt10059,종목별투자자기관별요청,int,v0625,
금융투자,opt10059,종목별투자자기관별요청,int,v0626,
보험,opt10059,종목별투자자기관별요청,int,v0627,
투신,opt10059,종목별투자자기관별요청,int,v0628,
기타금융,opt10059,종목별투자자기관별요청,int,v0629,
은행,opt10059,종목별투자자기관별요청,int,v0630,
연기금등,opt10059,종목별투자자기관별요청,int,v0631,
사모펀드,opt10059,종목별투자자기관별요청,int,v0632,
국가,opt10059,종목별투자자기관별요청,int_abs,v0633,
기타법인,opt10059,종목별투자자기관별요청,int,v0634,
내외국인,opt10059,종목별투자자기관별요청,int,v0635,
일자,opt10060,종목별투자자기관별차트요청,date,,
현재가,opt10060,종목별투자자기관별차트요청,int_abs,v0636,
전일대비,opt10060,종목별투자자기관별차트요청,int,v0637,
누적거래대금,opt10060,종목별투자자기관별차트요청,int_abs,v0638,6.0
개인투자자,opt10060,종목별투자자기관별차트요청,int,v0639,
외국인투자자,opt10060,종목별투자자기관별차트요청,int,v0640,
기관계,opt10060,종목별투자자기관별차트요청,int,v0641,
금융투자,opt10060,종목별투자자기관별차트요청,int,v0642,
보험,opt10060,종목별투자자기관별차트요청,int,v0643,
투신,opt10060,종목별투자자기관별차트요청,int,v0644,
기타금융,opt10060,종목별투자자기관별차트요청,int,v0645,
은행,opt10060,종목별투자자기관별차트요청,int,v0646,
연기금등,opt10060,종목별투자자기관별차트요청,int,v0647,
사모펀드,opt10060,종목별투자자기관별차트요청,int,v0648,
국가,opt10060,종목별투자자기관별차트요청,int_abs,v0649,
기타법인,opt10060,종목별투자자기관별차트요청,int,v0650,
내외국인,opt10060,종목별투자자기관별차트요청,int,v0651,
시간,opt10064,장중투자자별매매차트요청,time,,
외국인투자자,opt10064,장중투자자별매매차트요청,int,v0652,
기관계,opt10064,장중투자자별매매차트요청,int,v0653,
투신,opt10064,장중투자자별매매차트요청,int,v0654,
보험,opt10064,장중투자자별매매차트요청,int,v0655,
은행,opt10064,장중투자자별매매차트요청,int,v0656,
연기금등,opt10064,장중투자자별매매차트요청,int,v0657,
기타법인,opt10064,장중투자자별매매차트요청,int,v0658,
국가,opt10064,장중투자자별매매차트요청,int_abs,v0659,
종목코드,OPT10065,장중투자자별매매상위요청,str,,
종목명,OPT10065,장중투자자별매매상위요청,str,,
매도량,OPT10065,장중투자자별매매상위요청,int_abs,v0660,
매수량,OPT10065,장중투자자별매매상위요청,int_abs,v0661,
순매도,OPT10065,장중투자자별매매상위요청,float,v0662,
종목코드,opt10066,장중투자자별매매차트요청,str,,
종목명,opt10066,장중투자자별매매차트요청,str,,
현재가,opt10066,장중투자자별매매차트요청,int_abs,v0663,
대비기호,opt10066,장중투자자별매매차트요청,str,,
전일대비,opt10066,장중투자자별매매차트요청,int,v0664,
등락률,opt10066,장중투자자별매매차트요청,pct,v0665,
거래량,opt10066,장중투자자별매매차트요청,int_abs,v0666,
개인투자자,opt10066,장중투자자별매매차트요청,int,v0667,
외국인투자자,opt10066,장중투자자별매매차트요청,int,v0668,
기관계,opt10066,장중투자자별매매차트요청,int,v0669,
금융투자,opt10066,장중투자자별매매차트요청,int,v0670,
보험,opt10066,장중투자자별매매차트요청,int,v0671,
투신,opt10066,장중투자자별매매차트요청,int,v0672,
기타금융,opt10066,장중투자자별매매차트요청,int,v0673,
은행,opt10066,장중투자자별매매차트요청,int,v0674,
연기금등,opt10066,장중투자자별매매차트요청,int,v0675,
사모펀드,opt10066,장중투자자별매매차트요청,int,v0676,
국가,opt10066,장중투자자별매매차트요청,int_abs,v0677,
기타법인,opt10066,장중투자자별매매차트요청,int,v0678,
매수거래원별증감1,opt10070,당일주요거래원요청,int,v0679,
매수거래원별증감2,opt10070,당일주요거래원요청,int,v0680,
매수거래원별증감3,opt10070,당일주요거래원요청,int,v0681,
매수거래원별증감4,opt10070,당일주요거래원요청,int,v0682,
매수거래원별증감5,opt10070,당일주요거래원요청,int,v0683,
매수거래원수량1,opt10070,당일주요거래원요청,int_abs,v0684,
매수거래원수량2,opt10070,당일주요거래원요청,int_abs,v0685,
매수거래원수량3,opt10070,당일주요거래원요청,int_abs,v0686,
매수거래원수량4,opt10070,당일주요거래원요청,int_abs,v0687,
매수거래원수량5,opt10070,당일주요거래원요청,int_abs,v0688,
매수거래원1,opt10070,당일주요거래원요청,str,,
매수거래원2,opt10070,당일주요거래원요청,str,,
매수거래원3,opt10070,당일주요거래원요청,str,,
매수거래원4,opt10070,당일주요거래원요청,str,,
매수거래원5,opt10070,당일주요거래원요청,str,,
매수거래원코드1,opt10070,당일주요거래원요청,str,,
매수거래원코드2,opt10070,당일주요거래원요청,str,,
매수거래원코드3,opt10070,당일주요거래원요청,str,,
매수거래원코드4,opt10070,당일주요거래원요청,str,,
매수거래원코드5,opt10070,당일주요거래원요청,str,,
매도거래원별증감1,opt10070,당일주요거래원요청,int,v0689,
매도거래원별증감2,opt10070,당일주요거래원요청,int,v0690,
매도거래원별증감3,opt10070,당일주요거래원요청,int,v0691,
매도거래원별증감4,opt10070,당일주요거래원요청,int,v0692,
매도거래원별증감5,opt10070,당일주요거래원요청,int,v0693,
매도거래원수량1,opt10070,당일주요거래원요청,int_abs,v0694,
매도거래원수량2,opt10070,당일주요거래원요청,int_abs,v0695,
매도거래원수량3,opt10070,당일주요거래원요청,int_abs,v0696,
매도거래원수량4,opt10070,당일주요거래원요청,int_abs,v0697,
매도거래원수량5,opt10070,당일주요거래원요청,int_abs,v0698,
매도거래원1,opt10070,당일주요거래원요청,str,,
매도거래원2,opt10070,당일주요거래원요청,str,,
매도거래원3,opt10070,당일주요거래원요청,str,,
매도거래원4,opt10070,당일주요거래원요청,str,,
매도거래원5,opt10070,당일주요거래원요청,str,,
매도거래원코드1,opt10070,당일주요거래원요청,str,,
매도거래원코드2,opt10070,당일주요거래원요청,str,,
매도거래원코드3,opt10070,당일주요거래원요청,str,,
매도거래원코드4,opt10070,당일주요거래원요청,str,,
매도거래원코드5,opt10070,당일주요거래원요청,str,,
외국계매수추정합변동,opt10070,당일주요거래원요청,int,v0699,
외국계매수추정합,opt10070,당일주요거래원요청,int,v0700,
외국계매도추정합변동,opt10070,당일주요거래원요청,int,v0701,
외국계매도추정합,opt10070,당일주요거래원요청,int,v0702,
시간,OPT10071,시간대별전일비거래비중요청,time,,
현재가,OPT10071,시간대별전일비거래비중요청,int_abs,v0703,
대비기호,OPT10071,시간대별전일비거래비중요청,str,,
전일대비,OPT10071,시간대별전일비거래비중요청,int,v0704,
대비율,OPT10071,시간대별전일비거래비중요청,pct,v0705,
체결거래량,OPT10071,시간대별전일비거래비중요청,int_abs,v0706,
누적거래량,OPT10071,시간대별전일비거래비중요청,int_abs,v0707,
순간비율,OPT10071,시간대별전일비거래비중요청,pct,v0708,
누적비율,OPT10071,시간대별전일비거래비중요청,pct,v0709,
일자,OPT10072,일자별종목별실현손익요청,date,,
당일hts매도수수료,OPT10072,일자별종목별실현손익요청,int_abs,v0710,
종목명,OPT10072,일자별종목별실현손익요청,str,,
체결량,OPT10072,일자별종목별실현손익요청,int_abs,v0711,
매입단가,OPT10072,일자별종목별실현손익요청,int_abs,v0712,
체결가,OPT10072,일자별종목별실현손익요청,int_abs,v0713,
당일매도손익,OPT10072,일자별종목별실현손익요청,int,v0714,
손익율,OPT10072,일자별종목별실현손익요청,pct,v0715,
종목코드,OPT10072,일자별종목별실현손익요청,str,,
당일매매수수료,OPT10072,일자별종목별실현손익요청,int_abs,v0716,
당일매매세금,OPT10072,일자별종목별실현손익요청,int_abs,v0717,
인출가능금액,OPT10072,일자별종목별실현손익요청,int_abs,v0718,
대출일,OPT10072,일자별종목별실현손익요청,date,,
신용구분,OPT10072,일자별종목별실현손익요청,str,,
종목코드1,OPT10072,일자별종목별실현손익요청,str,,
당일매도손익1,OPT10072,일자별종목별실현손익요청,str,,
일자,opt10073,일자별종목별실현손익요청,date,,
당일hts매도수수료,opt10073,일자별종목별실현손익요청,int_abs,v0719,
종목명,opt10073,일자별종목별실현손익요청,str,,
체결량,opt10073,일자별종목별실현손익요청,int_abs,v0720,
매입단가,opt10073,일자별종목별실현손익요청,int_abs,v0721,
체결가,opt10073,일자별종목별실현손익요청,int_abs,v0722,
당일매도손익,opt10073,일자별종목별실현손익요청,int,v0723,
손익율,opt10073,일자별종목별실현손익요청,pct,v0724,
종목코드,opt10073,일자별종목별실현손익요청,str,,
당일매매수수료,opt10073,일자별종목별실현손익요청,int_abs,v0725,
당일매매세금,opt10073,일자별종목별실현손익요청,int_abs,v0726,
인출가능금액,opt10073,일자별종목별실현손익요청,int_abs,v0727,
대출일,opt10073,일자별종목별실현손익요청,date,,
신용구분,opt10073,일자별종목별실현손익요청,str,,
일자,opt10074,일자별실현손익요청,date,,
매수금액,opt10074,일자별실현손익요청,int_abs,v0728,
매도금액,opt10074,일자별실현손익요청,int_abs,v0729,
당일매도손익,opt10074,일자별실현손익요청,int,v0730,
당일매도수수료,opt10074,일자별실현손익요청,int_abs,v0731,
당일매매세금,opt10074,일자별실현손익요청,int_abs,v0732,
계좌번호,opt10075,실시간미체결요청,str,,
주문번호,opt10075,실시간미체결요청,str,,
관리사번,opt10075,실시간미체결요청,str,,
종목코드,opt10075,실시간미체결요청,str,,
업무구분,opt10075,실시간미체결요청,str,,
주문상태,opt10075,실시간미체결요청,str,,
종목명,opt10075,실시간미체결요청,str,,
주문수량,opt10075,실시간미체결요청,int_abs,v0733,
주문가격,opt10075,실시간미체결요청,int_abs,v0734,
미체결수량,opt10075,실시간미체결요청,int_abs,v0735,
체결누계금액,opt10075,실시간미체결요청,int_abs,v0736,
원주문번호,opt10075,실시간미체결요청,str,,
주문구분,opt10075,실시간미체결요청,str,,
매매구분,opt10075,실시간미체결요청,str,,
시간,opt10075,실시간미체결요청,time,,
체결번호,opt10075,실시간미체결요청,str,,
체결가,opt10075,실시간미체결요청,int_abs,v0737,
체결량,opt10075,실시간미체결요청,int_abs,v0738,
현재가,opt10075,실시간미체결요청,int_abs,v0739,
매도호가,opt10075,실시간미체결요청,int_abs,v0740,
매수호가,opt10075,실시간미체결요청,int_abs,v0741,
단위체결가,opt10075,실시간미체결요청,int_abs,v0742,
단위체결량,opt10075,실시간미체결요청,int_abs,v0743,
당일매매수수료,opt10075,실시간미체결요청,int_abs,v0744,
당일매매세금,opt10075,실시간미체결요청,int_abs,v0745,
개인투자자,opt10075,실시간미체결요청,int,v0746,
주문번호,opt10076,실시간체결요청,str,,
종목명,opt10076,실시간체결요청,str,,
주문구분,opt10076,실시간체결요청,str,,
주문수량,opt10076,실시간체결요청,int_abs,v0747,
체결가,opt10076,실시간체결요청,int_abs,v0748,
체결량,opt10076,실시간체결요청,int_abs,v0749,
미체결수량,opt10076,실시간체결요청,int_abs,v0750,
당일매매수수료,opt10076,실시간체결요청,int_abs,v0751,
당일매매세금,opt10076,실시간체결요청,int_abs,v0752,
주문상태,opt10076,실시간체결요청,str,,
매매구분,opt10076,실시간체결요청,str,,
원주문번호,opt10076,실시간체결요청,str,,
주문시간,opt10076,실시간체결요청,time,,
종목코드,opt10076,실시간체결요청,str,,
종목명,opt10077,당일실현손익상세요청,str,,
체결량,opt10077,당일실현손익상세요청,int_abs,v0753,
매입단가,opt10077,당일실현손익상세요청,int_abs,v0754,
체결가,opt10077,당일실현손익상세요청,int_abs,v0755,
당일매도손익,opt10077,당일실현손익상세요청,int,v0756,
손익율,opt10077,당일실현손익상세요청,pct,v0757,
당일매매수수료,opt10077,당일실현손익상세요청,int_abs,v0758,
당일매매세금,opt10077,당일실현손익상세요청,int_abs,v0759,
종목코드,opt10077,당일실현손익상세요청,str,,
현재가,opt10079,주식틱차트조회요청,int_abs,v0760,
거래량,opt10079,주식틱차트조회요청,int_abs,v0761,
체결시간,opt10079,주식틱차트조회요청,time,,
시가,opt10079,주식틱차트조회요청,int_abs,v0762,
고가,opt10079,주식틱차트조회요청,int_abs,v0763,
저가,opt10079,주식틱차트조회요청,int_abs,v0764,
수정주가구분,opt10079,주식틱차트조회요청,str,,
수정비율,opt10079,주식틱차트조회요청,pct,v0765,
대업종구분,opt10079,주식틱차트조회요청,str,,
소업종구분,opt10079,주식틱차트조회요청,str,,
종목정보,opt10079,주식틱차트조회요청,str,,
수정주가이벤트,opt10079,주식틱차트조회요청,str,,
전일종가,opt10079,주식틱차트조회요청,int_abs,v0766,
현재가,opt10080,주식분봉차트조회요청,int_abs,v0767,
거래량,opt10080,주식분봉차트조회요청,int_abs,v0768,
체결시간,opt10080,주식분봉차트조회요청,time,,
시가,opt10080,주식분봉차트조회요청,int_abs,v0769,
고가,opt10080,주식분봉차트조회요청,int_abs,v0770,
저가,opt10080,주식분봉차트조회요청,int_abs,v0771,
수정주가구분,opt10080,주식분봉차트조회요청,str,,
수정비율,opt10080,주식분봉차트조회요청,pct,v0772,
대업종구분,opt10080,주식분봉차트조회요청,str,,
소업종구분,opt10080,주식분봉차트조회요청,str,,
종목정보,opt10080,주식분봉차트조회요청,str,,
수정주가이벤트,opt10080,주식분봉차트조회요청,str,,
전일종가,opt10080,주식분봉차트조회요청,int_abs,v0773,
종목코드,opt10081,주식일봉차트조회요청,str,,
현재가,opt10081,주식일봉차트조회요청,int_abs,v0774,
거래량,opt10081,주식일봉차트조회요청,int_abs,v0775,
거래대금,opt10081,주식일봉차트조회요청,int_abs,v0776,6.0
일자,opt10081,주식일봉차트조회요청,date,,
시가,opt10081,주식일봉차트조회요청,int_abs,v0777,
고가,opt10081,주식일봉차트조회요청,int_abs,v0778,
저가,opt10081,주식일봉차트조회요청,int_abs,v0779,
수정주가구분,opt10081,주식일봉차트조회요청,str,,
수정비율,opt10081,주식일봉차트조회요청,pct,v0780,
대업종구분,opt10081,주식일봉차트조회요청,str,,
소업종구분,opt10081,주식일봉차트조회요청,str,,
종목정보,opt10081,주식일봉차트조회요청,str,,
수정주가이벤트,opt10081,주식일봉차트조회요청,str,,
전일종가,opt10081,주식일봉차트조회요청,int_abs,v0781,
현재가,opt10082,주식주봉차트조회요청,int_abs,v0782,
거래량,opt10082,주식주봉차트조회요청,int_abs,v0783,
거래대금,opt10082,주식주봉차트조회요청,int_abs,v0784,6.0
일자,opt10082,주식주봉차트조회요청,date,,
시가,opt10082,주식주봉차트조회요청,int_abs,v0785,
고가,opt10082,주식주봉차트조회요청,int_abs,v0786,
저가,opt10082,주식주봉차트조회요청,int_abs,v0787,
수정주가구분,opt10082,주식주봉차트조회요청,str,,
수정비율,opt10082,주식주봉차트조회요청,pct,v0788,
대업종구분,opt10082,주식주봉차트조회요청,str,,
소업종구분,opt10082,주식주봉차트조회요청,str,,
종목정보,opt10082,주식주봉차트조회요청,str,,
수정주가이벤트,opt10082,주식주봉차트조회요청,str,,
전일종가,opt10082,주식주봉차트조회요청,int_abs,v0789,
현재가,opt10083,주식월봉차트조회요청,int_abs,v0790,
거래량,opt10083,주식월봉차트조회요청,int_abs,v0791,
거래대금,opt10083,주식월봉차트조회요청,int_abs,v0792,6.0
일자,opt10083,주식월봉차트조회요청,date,,
시가,opt10083,주식월봉차트조회요청,int_abs,v0793,
고가,opt10083,주식월봉차트조회요청,int_abs,v0794,
저가,opt10083,주식월봉차트조회요청,int_abs,v0795,
수정주가구분,opt10083,주식월봉차트조회요청,str,,
수정비율,opt10083,주식월봉차트조회요청,pct,v0796,
대업종구분,opt10083,주식월봉차트조회요청,str,,
소업종구분,opt10083,주식월봉차트조회요청,str,,
종목정보,opt10083,주식월봉차트조회요청,str,,
수정주가이벤트,opt10083,주식월봉차트조회요청,str,,
전일종가,opt10083,주식월봉차트조회요청,int_abs,v0797,
시간,opt10084,당일전일체결요청,time,,
현재가,opt10084,당일전일체결요청,int_abs,v0798,
전일대비,opt10084,당일전일체결요청,int,v0799,
대비율,opt10084,당일전일체결요청,pct,v0800,
우선매도호가단위,opt10084,당일전일체결요청,int_abs,v0801,
우선매수호가단위,opt10084,당일전일체결요청,int_abs,v0802,
체결거래량,opt10084,당일전일체결요청,int_abs,v0803,
sign,opt10084,당일전일체결요청,str,,
누적거래량,opt10084,당일전일체결요청,int_abs,v0804,
누적거래대금,opt10084,당일전일체결요청,int_abs,v0805,6.0
체결강도,opt10084,당일전일체결요청,float,v0806,
일자,opt10085,계좌수익률요청,date,,
종목코드,opt10085,계좌수익률요청,str,,
종목명,opt10085,계좌수익률요청,str,,
현재가,opt10085,계좌수익률요청,int_abs,v0807,
매입가,opt10085,계좌수익률요청,int_abs,v0808,
매입금액,opt10085,계좌수익률요청,int_abs,v0809,
보유수량,opt10085,계좌수익률요청,int_abs,v0810,
당일매도손익,opt10085,계좌수익률요청,int,v0811,
당일매매수수료,opt10085,계좌수익률요청,int_abs,v0812,
당일매매세금,opt10085,계좌수익률요청,int_abs,v0813,
신용구분,opt10085,계좌수익률요청,str,,
대출일,opt10085,계좌수익률요청,date,,
결제잔고,opt10085,계좌수익률요청,int,v0814,
청산가능수량,opt10085,계좌수익률요청,int_abs,v0815,
신용금액,opt10085,계좌수익률요청,int_abs,v0816,
신용이자,opt10085,계좌수익률요청,int_abs,v0817,
만기일,opt10085,계좌수익률요청,date,,
날짜,opt10086,일별주가요청,date,,
시가,opt10086,일별주가요청,int_abs,v0818,
고가,opt10086,일별주가요청,int_abs,v0819,
저가,opt10086,일별주가요청,int_abs,v0820,
종가,opt10086,일별주가요청,int_abs,v0821,
전일비,opt10086,일별주가요청,str,,
등락률,opt10086,일별주가요청,pct,v0822,
거래량,opt10086,일별주가요청,int_abs,v0823,
금액(백만),opt10086,일별주가요청,str,,6.0
신용비,opt10086,일별주가요청,str,,
개인,opt10086,일별주가요청,str,,
기관,opt10086,일별주가요청,str,,
외인수량,opt10086,일별주가요청,int_abs,v0824,
외국계,opt10086,일별주가요청,int,v0825,
프로그램,opt10086,일별주가요청,int,v0826,
외인비,opt10086,일별주가요청,str,,
체결강도,opt10086,일별주가요청,float,v0827,
외인보유,opt10086,일별주가요청,int_abs,v0828,
외인비중,opt10086,일별주가요청,pct,v0829,
외인순매수,opt10086,일별주가요청,int,v0830,
기관순매수,opt10086,일별주가요청,int,v0831,
개인순매수,opt10086,일별주가요청,int,v0832,
신용잔고율,opt10086,일별주가요청,pct,v0833,
현재가,opt10094,주식년봉차트조회요청,int_abs,v0834,
거래량,opt10094,주식년봉차트조회요청,int_abs,v0835,
거래대금,opt10094,주식년봉차트조회요청,int_abs,v0836,6.0
일자,opt10094,주식년봉차트조회요청,date,,
시가,opt10094,주식년봉차트조회요청,int_abs,v0837,
고가,opt10094,주식년봉차트조회요청,int_abs,v0838,
저가,opt10094,주식년봉차트조회요청,int_abs,v0839,
수정주가구분,opt10094,주식년봉차트조회요청,str,,
수정비율,opt10094,주식년봉차트조회요청,pct,v0840,
대업종구분,opt10094,주식년봉차트조회요청,str,,
소업종구분,opt10094,주식년봉차트조회요청,str,,
종목정보,opt10094,주식년봉차트조회요청,str,,
수정주가이벤트,opt10094,주식년봉차트조회요청,str,,
전일종가,opt10094,주식년봉차트조회요청,int_abs,v0841,
체결시간,opt50008,프로그램매매추이차트요청,time,,
투자자별매도금액,opt50008,프로그램매매추이차트요청,int_abs,v0842,
투자자별매수금액,opt50008,프로그램매매추이차트요청,int_abs,v0843,
투자자별순매수금액,opt50008,프로그램매매추이차트요청,int_abs,v0844,
종목코드,OPT90001,테마그룹별요청,str,,
테마명,OPT90001,테마그룹별요청,str,,
종목수,OPT90001,테마그룹별요청,int_abs,v0845,
등락기호,OPT90001,테마그룹별요청,str,,
등락율,OPT90001,테마그룹별요청,pct,v0846,
상승종목수,OPT90001,테마그룹별요청,int_abs,v0847,
하락종목수,OPT90001,테마그룹별요청,int_abs,v0848,
기간수익률,OPT90001,테마그룹별요청,pct,v0849,
주요종목,OPT90001,테마그룹별요청,str,,
종목코드,opt90002,테마구성종목요청,str,,
종목명,opt90002,테마구성종목요청,str,,
현재가,opt90002,테마구성종목요청,int_abs,v0850,
등락기호,opt90002,테마구성종목요청,str,,
전일대비,opt90002,테마구성종목요청,int,v0851,
등락율,opt90002,테마구성종목요청,pct,v0852,
누적거래량,opt90002,테마구성종목요청,int_abs,v0853,
매도호가,opt90002,테마구성종목요청,int_abs,v0854,
매도잔량,opt90002,테마구성종목요청,int_abs,v0855,
매수호가,opt90002,테마구성종목요청,int_abs,v0856,
매수잔량,opt90002,테마구성종목요청,int_abs,v0857,
기간수익률n,opt90002,테마구성종목요청,pct,v0858,
순위,opt90003,프로그램순매수상위50요청,str,,
종목코드,opt90003,프로그램순매수상위50요청,str,,
종목명,opt90003,프로그램순매수상위50요청,str,,
현재가,opt90003,프로그램순매수상위50요청,int_abs,v0859,
등락기호,opt90003,프로그램순매수상위50요청,str,,
전일대비,opt90003,프로그램순매수상위50요청,int,v0860,
등락율,opt90003,프로그램순매수상위50요청,pct,v0861,
누적거래량,opt90003,프로그램순매수상위50요청,int_abs,v0862,
프로그램매도금액,opt90003,프로그램순매수상위50요청,int_abs,v0863,6.0
프로그램매수금액,opt90003,프로그램순매수상위50요청,int_abs,v0864,6.0
프로그램순매수금액,opt90003,프로그램순매수상위50요청,int_abs,v0865,6.0
종목코드,OPT90004,종목별프로그램매매현황요청,str,,
종목명,OPT90004,종목별프로그램매매현황요청,str,,
현재가,OPT90004,종목별프로그램매매현황요청,int_abs,v0866,
등락기호,OPT90004,종목별프로그램매매현황요청,str,,
전일대비,OPT90004,종목별프로그램매매현황요청,int,v0867,
매수체결수량,OPT90004,종목별프로그램매매현황요청,int_abs,v0868,
매수체결금액,OPT90004,종목별프로그램매매현황요청,int_abs,v0869,
매도체결수량,OPT90004,종목별프로그램매매현황요청,int_abs,v0870,
매도체결금액,OPT90004,종목별프로그램매매현황요청,int_abs,v0871,
순매수대금,OPT90004,종목별프로그램매매현황요청,int_abs,v0872,
전체거래비율,OPT90004,종목별프로그램매매현황요청,pct,v0873,
체결시간,OPT90005,프로그램매매추이요청,time,,
차익거래매도,OPT90005,프로그램매매추이요청,float,v0874,
차익거래매수,OPT90005,프로그램매매추이요청,str,,
차익거래순매수,OPT90005,프로그램매매추이요청,int,v0875,
비차익거래매도,OPT90005,프로그램매매추이요청,float,v0876,
비차익거래매수,OPT90005,프로그램매매추이요청,str,,
비차익거래순매수,OPT90005,프로그램매매추이요청,int,v0877,
차익거래매도수량,OPT90005,프로그램매매추이요청,int_abs,v0878,
차익거래매수수량,OPT90005,프로그램매매추이요청,int_abs,v0879,
차익거래순매수수량,OPT90005,프로그램매매추이요청,int_abs,v0880,
비차익거래매도수량,OPT90005,프로그램매매추이요청,int_abs,v0881,
비차익거래매수수량,OPT90005,프로그램매매추이요청,int_abs,v0882,
비차익거래순매수수량,OPT90005,프로그램매매추이요청,int_abs,v0883,
전체매도,OPT90005,프로그램매매추이요청,float,v0884,
전체매수,OPT90005,프로그램매매추이요청,str,,
전체순매수,OPT90005,프로그램매매추이요청,int,v0885,
KOSPI200,OPT90005,프로그램매매추이요청,str,,
BASIS,OPT90005,프로그램매매추이요청,str,,
시간,opt90008,종목시간별프로그램매매추이요청,time,,
현재가,opt90008,종목시간별프로그램매매추이요청,int_abs,v0886,
대비기호,opt90008,종목시간별프로그램매매추이요청,str,,
전일대비,opt90008,종목시간별프로그램매매추이요청,int,v0887,
등락율,opt90008,종목시간별프로그램매매추이요청,pct,v0888,
거래량,opt90008,종목시간별프로그램매매추이요청,int_abs,v0889,
프로그램매도금액,opt90008,종목시간별프로그램매매추이요청,int_abs,v0890,6.0
프로그램매수금액,opt90008,종목시간별프로그램매매추이요청,int_abs,v0891,6.0
프로그램순매수금액,opt90008,종목시간별프로그램매매추이요청,int_abs,v0892,6.0
프로그램순매수금액증감,opt90008,종목시간별프로그램매매추이요청,int,v0893,6.0
프로그램매도수량,opt90008,종목시간별프로그램매매추이요청,int_abs,v0894,
프로그램매수수량,opt90008,종목시간별프로그램매매추이요청,int_abs,v0895,
프로그램순매수수량,opt90008,종목시간별프로그램매매추이요청,int_abs,v0896,
프로그램순매수수량증감,opt90008,종목시간별프로그램매매추이요청,int,v0897,
기준가시간,opt90008,종목시간별프로그램매매추이요청,time,,
대차거래상환주수합,opt90008,종목시간별프로그램매매추이요청,str,,
잔고수주합,opt90008,종목시간별프로그램매매추이요청,str,,
일자,opt90013,종목일별프로그램매매추이요청,date,,
현재가,opt90013,종목일별프로그램매매추이요청,int_abs,v0898,
대비기호,opt90013,종목일별프로그램매매추이요청,str,,
전일대비,opt90013,종목일별프로그램매매추이요청,int,v0899,
등락율,opt90013,종목일별프로그램매매추이요청,pct,v0900,
거래량,opt90013,종목일별프로그램매매추이요청,int_abs,v0901,
프로그램매도금액,opt90013,종목일별프로그램매매추이요청,int_abs,v0902,6.0
프로그램매수금액,opt90013,종목일별프로그램매매추이요청,int_abs,v0903,6.0
프로그램순매수금액,opt90013,종목일별프로그램매매추이요청,int_abs,v0904,6.0
프로그램순매수금액증감,opt90013,종목일별프로그램매매추이요청,int,v0905,6.0
프로그램매도수량,opt90013,종목일별프로그램매매추이요청,int_abs,v0906,
프로그램매수수량,opt90013,종목일별프로그램매매추이요청,int_abs,v0907,
프로그램순매수수량,opt90013,종목일별프로그램매매추이요청,int_abs,v0908,
프로그램순매수수량증감,opt90013,종목일별프로그램매매추이요청,int,v0909,
기준가시간,opt90013,종목일별프로그램매매추이요청,time,,
대차거래상환주수합,opt90013,종목일별프로그램매매추이요청,str,,
잔고수주합,opt90013,종목일별프로그램매매추이요청,str,,
예수금,opw00001,예수금상세현황요청,int_abs,v0910,
주식증거금현금,opw00001,예수금상세현황요청,int_abs,v0911,
수익증권증거금현금,opw00001,예수금상세현황요청,int_abs,v0912,
익일수익증권매도정산대금,opw00001,예수금상세현황요청,int_abs,v0913,
해외주식원화대용설정금,opw00001,예수금상세현황요청,int_abs,v0914,
신용보증금현금,opw00001,예수금상세현황요청,int_abs,v0915,
신용담보금현금,opw00001,예수금상세현황요청,int_abs,v0916,
추가담보금현금,opw00001,예수금상세현황요청,int_abs,v0917,
기타증거금,opw00001,예수금상세현황요청,int_abs,v0918,
미수확보금,opw00001,예수금상세현황요청,int_abs,v0919,
공매도대금,opw00001,예수금상세현황요청,int_abs,v0920,
신용설정평가금,opw00001,예수금상세현황요청,int_abs,v0921,
수표입금액,opw00001,예수금상세현황요청,int_abs,v0922,
기타수표입금액,opw00001,예수금상세현황요청,int_abs,v0923,6.0
신용담보재사용,opw00001,예수금상세현황요청,int_abs,v0924,
코넥스기본예탁금,opw00001,예수금상세현황요청,int_abs,v0925,
ELW예탁평가금,opw00001,예수금상세현황요청,int_abs,v0926,
신용대주권리예정금액,opw00001,예수금상세현황요청,int_abs,v0927,
생계형가입금액,opw00001,예수금상세현황요청,int_abs,v0928,
생계형입금가능금액,opw00001,예수금상세현황요청,int_abs,v0929,
대용금평가금액(합계),opw00001,예수금상세현황요청,int_abs,v0930,
잔고대용평가금액,opw00001,예수금상세현황요청,int_abs,v0931,
위탁대용잔고평가금액,opw00001,예수금상세현황요청,int_abs,v0932,
수익증권대용평가금액,opw00001,예수금상세현황요청,int_abs,v0933,
위탁증거금대용,opw00001,예수금상세현황요청,int_abs,v0934,
신용보증금대용,opw00001,예수금상세현황요청,int_abs,v0935,
신용담보금대용,opw00001,예수금상세현황요청,int_abs,v0936,
추가담보금대용,opw00001,예수금상세현황요청,int_abs,v0937,
권리대용금,opw00001,예수금상세현황요청,int_abs,v0938,
출금가능금액,opw00001,예수금상세현황요청,int_abs,v0939,
랩출금가능금액,opw00001,예수금상세현황요청,int_abs,v0940,
주문가능금액,opw00001,예수금상세현황요청,int_abs,v0941,
수익증권매수가능금액,opw00001,예수금상세현황요청,int_abs,v0942,
20%종목주문가능금액,opw00001,예수금상세현황요청,int_abs,v0943,
30%종목주문가능금액,opw00001,예수금상세현황요청,int_abs,v0944,
40%종목주문가능금액,opw00001,예수금상세현황요청,int_abs,v0945,
100%종목주문가능금액,opw00001,예수금상세현황요청,int_abs,v0946,
현금미수금,opw00001,예수금상세현황요청,int_abs,v0947,
현금미수연체료,opw00001,예수금상세현황요청,int_abs,v0948,
현금미수금합계,opw00001,예수금상세현황요청,int,v0949,
신용이자미납,opw00001,예수금상세현황요청,int_abs,v0950,
신용이자미납연체료,opw00001,예수금상세현황요청,int_abs,v0951,
신용이자미납합계,opw00001,예수금상세현황요청,int,v0952,
기타대여금,opw00001,예수금상세현황요청,int_abs,v0953,
기타대여금연체료,opw00001,예수금상세현황요청,int_abs,v0954,
기타대여금합계,opw00001,예수금상세현황요청,int,v0955,
미상환융자금,opw00001,예수금상세현황요청,int_abs,v0956,
융자금합계,opw00001,예수금상세현황요청,int,v0957,
대주금합계,opw00001,예수금상세현황요청,int,v0958,
신용담보비율,opw00001,예수금상세현황요청,pct,v0959,
중도이용료,opw00001,예수금상세현황요청,int_abs,v0960,
최소주문가능금액,opw00001,예수금상세현황요청,int_abs,v0961,
대출총평가금액,opw00001,예수금상세현황요청,int_abs,v0962,
예탁담보대출잔고,opw00001,예수금상세현황요청,int,v0963,
매도담보대출잔고,opw00001,예수금상세현황요청,int,v0964,
d+1추정예수금,opw00001,예수금상세현황요청,int_abs,v0965,
d+1매도매수정산금,opw00001,예수금상세현황요청,int_abs,v0966,
d+1매수정산금,opw00001,예수금상세현황요청,int_abs,v0967,
d+1미수변제소요금,opw00001,예수금상세현황요청,int_abs,v0968,
d+1매도정산금,opw00001,예수금상세현황요청,int_abs,v0969,
d+1출금가능금액,opw00001,예수금상세현황요청,int_abs,v0970,
d+2추정예수금,opw00001,예수금상세현황요청,int_abs,v0971,
d+2매도매수정산금,opw00001,예수금상세현황요청,int_abs,v0972,
d+2매수정산금,opw00001,예수금상세현황요청,int_abs,v0973,
d+2미수변제소요금,opw00001,예수금상세현황요청,int_abs,v0974,
d+2매도정산금,opw00001,예수금상세현황요청,int_abs,v0975,
d+2출금가능금액,opw00001,예수금상세현황요청,int_abs,v0976,
출력건수,opw00001,예수금상세현황요청,int_abs,v0977,
일자,OPW00002,일별추정예탁자산현황요청,date,,
예수금,OPW00002,일별추정예탁자산현황요청,int_abs,v0978,
담보대출금,OPW00002,일별추정예탁자산현황요청,int_abs,v0979,
신용융자금,OPW00002,일별추정예탁자산현황요청,int_abs,v0980,
대주담보금,OPW00002,일별추정예탁자산현황요청,int_abs,v0981,
대용금,OPW00002,일별추정예탁자산현황요청,int_abs,v0982,
추정예탁자산,OPW00002,일별추정예탁자산현황요청,str,,
추정예탁자산수익증권제외,OPW00002,일별추정예탁자산현황요청,str,,
추정예탁자산,OPW00003,추정자산조회요청,str,,
종목코드,OPW00004,계좌평가현황요청,str,,
종목명,OPW00004,계좌평가현황요청,str,,
보유수량,OPW00004,계좌평가현황요청,int_abs,v0983,
평균단가,OPW00004,계좌평가현황요청,int_abs,v0984,
현재가,OPW00004,계좌평가현황요청,int_abs,v0985,
평가금액,OPW00004,계좌평가현황요청,int_abs,v0986,
손익금액,OPW00004,계좌평가현황요청,int_abs,v0987,
손일율,OPW00004,계좌평가현황요청,pct,v0988,
대출일,OPW00004,계좌평가현황요청,date,,
매입금액,OPW00004,계좌평가현황요청,int_abs,v0989,
결제잔고,OPW00004,계좌평가현황요청,int,v0990,
전일매수수량,OPW00004,계좌평가현황요청,int_abs,v0991,
전일매도수량,OPW00004,계좌평가현황요청,int_abs,v0992,
금일매수수량,OPW00004,계좌평가현황요청,int_abs,v0993,
금일매도수량,OPW00004,계좌평가현황요청,int_abs,v0994,
신용구분,opw00005,체결잔고요청,str,,
대출일,opw00005,체결잔고요청,date,,
만기일,opw00005,체결잔고요청,date,,
종목번호,opw00005,체결잔고요청,str,,
종목명,opw00005,체결잔고요청,str,,
결제잔고,opw00005,체결잔고요청,int,v0995,
현재잔고,opw00005,체결잔고요청,int,v0996,
현재가,opw00005,체결잔고요청,int_abs,v0997,
매입단가,opw00005,체결잔고요청,int_abs,v0998,
매입금액,opw00005,체결잔고요청,int_abs,v0999,
평가금액,opw00005,체결잔고요청,int_abs,v1000,
평가손익,opw00005,체결잔고요청,int,v1001,
손익률,opw00005,체결잔고요청,pct,v1002,
주문번호,OPW00007,계좌별주문체결내역상세요청,str,,
종목번호,OPW00007,계좌별주문체결내역상세요청,str,,
매매구분,OPW00007,계좌별주문체결내역상세요청,str,,
신용구분,OPW00007,계좌별주문체결내역상세요청,str,,
주문수량,OPW00007,계좌별주문체결내역상세요청,int_abs,v1003,
주문단가,OPW00007,계좌별주문체결내역상세요청,int_abs,v1004,
확인수량,OPW00007,계좌별주문체결내역상세요청,int_abs,v1005,
접수구분,OPW00007,계좌별주문체결내역상세요청,str,,
반대여부,OPW00007,계좌별주문체결내역상세요청,str,,
주문시간,OPW00007,계좌별주문체결내역상세요청,time,,
원주문,OPW00007,계좌별주문체결내역상세요청,str,,
종목명,OPW00007,계좌별주문체결내역상세요청,str,,
주문구분,OPW00007,계좌별주문체결내역상세요청,str,,
대출일,OPW00007,계좌별주문체결내역상세요청,date,,
체결수량,OPW00007,계좌별주문체결내역상세요청,int_abs,v1006,
체결단가,OPW00007,계좌별주문체결내역상세요청,int_abs,v1007,
주문잔량,OPW00007,계좌별주문체결내역상세요청,int_abs,v1008,
통신구분,OPW00007,계좌별주문체결내역상세요청,str,,
정정취소,OPW00007,계좌별주문체결내역상세요청,str,,
확인시간,OPW00007,계좌별주문체결내역상세요청,time,,
일련번호,opw00008,계좌별익일결제예정내역요청,int_abs,v1009,
종목번호,opw00008,계좌별익일결제예정내역요청,str,,
대출일,opw00008,계좌별익일결제예정내역요청,date,,
수량,opw00008,계좌별익일결제예정내역요청,int_abs,v1010,
약정금액,opw00008,계좌별익일결제예정내역요청,int_abs,v1011,
수수료,opw00008,계좌별익일결제예정내역요청,int_abs,v1012,
소득세,opw00008,계좌별익일결제예정내역요청,str,,
농특세,opw00008,계좌별익일결제예정내역요청,str,,
종목명,opw00008,계좌별익일결제예정내역요청,str,,
매도수구분,opw00008,계좌별익일결제예정내역요청,str,,
단가,opw00008,계좌별익일결제예정내역요청,int_abs,v1013,
정산금액,opw00008,계좌별익일결제예정내역요청,int_abs,v1014,
거래세,opw00008,계좌별익일결제예정내역요청,str,,
주민세,opw00008,계좌별익일결제예정내역요청,str,,
신용구분,opw00008,계좌별익일결제예정내역요청,str,,
주식채권구분,opw00009,계좌별주문체결현황요청,str,,
주문번호,opw00009,계좌별주문체결현황요청,str,,
종목번호,opw00009,계좌별주문체결현황요청,str,,
매매구분,opw00009,계좌별주문체결현황요청,str,,
주문유형구분,opw00009,계좌별주문체결현황요청,str,,
주문수량,opw00009,계좌별주문체결현황요청,int_abs,v1015,
주문단가,opw00009,계좌별주문체결현황요청,int_abs,v1016,
확인수량,opw00009,계좌별주문체결현황요청,int_abs,v1017,
예약반대,opw00009,계좌별주문체결현황요청,str,,
체결번호,opw00009,계좌별주문체결현황요청,str,,
접수구분,opw00009,계좌별주문체결현황요청,str,,
원주문번호,opw00009,계좌별주문체결현황요청,str,,
종목명,opw00009,계좌별주문체결현황요청,str,,
결제구분,opw00009,계좌별주문체결현황요청,str,,
신용거래구분,opw00009,계좌별주문체결현황요청,str,,
체결수량,opw00009,계좌별주문체결현황요청,int_abs,v1018,
체결단가,opw00009,계좌별주문체결현황요청,int_abs,v1019,
통신구분,opw00009,계좌별주문체결현황요청,str,,
정정취소구분,opw00009,계좌별주문체결현황요청,str,,
체결시간,opw00009,계좌별주문체결현황요청,time,,
종목증거금율,opw00011,증거금율별주문가능수량조회요청,pct,v1020,
계좌증거금율,opw00011,증거금율별주문가능수량조회요청,pct,v1021,
적용증거금율,opw00011,증거금율별주문가능수량조회요청,pct,v1022,
증거금20주문가능금액,opw00011,증거금율별주문가능수량조회요청,int_abs,v1023,
증거금20가능수량,opw00011,증거금율별주문가능수량조회요청,int_abs,v1024,
증거금20전일재사용금액,opw00011,증거금율별주문가능수량조회요청,int_abs,v1025,
증거금20금일재사용금액,opw00011,증거금율별주문가능수량조회요청,int_abs,v1026,
증거금30주문가능금액,opw00011,증거금율별주문가능수량조회요청,int_abs,v1027,
증거금30가능수량,opw00011,증거금율별주문가능수량조회요청,int_abs,v1028,
증거금30전일재사용금액,opw00011,증거금율별주문가능수량조회요청,int_abs,v1029,
증거금30금일재사용금액,opw00011,증거금율별주문가능수량조회요청,int_abs,v1030,
증거금40주문가능금액,opw00011,증거금율별주문가능수량조회요청,int_abs,v1031,
증거금40가능수량,opw00011,증거금율별주문가능수량조회요청,int_abs,v1032,
증거금40전일재사용금액,opw00011,증거금율별주문가능수량조회요청,int_abs,v1033,
증거금40금일재사용금액,opw00011,증거금율별주문가능수량조회요청,int_abs,v1034,
증거금50주문가능금액,opw00011,증거금율별주문가능수량조회요청,int_abs,v1035,
증거금50가능수량,opw00011,증거금율별주문가능수량조회요청,int_abs,v1036,
증거금50전일재사용금액,opw00011,증거금율별주문가능수량조회요청,int_abs,v1037,
증거금50금일재사용금액,opw00011,증거금율별주문가능수량조회요청,int_abs,v1038,
증거금60주문가능금액,opw00011,증거금율별주문가능수량조회요청,int_abs,v1039,
증거금60가능수량,opw00011,증거금율별주문가능수량조회요청,int_abs,v1040,
증거금60전일재사용금액,opw00011,증거금율별주문가능수량조회요청,int_abs,v1041,
증거금60금일재사용금액,opw00011,증거금율별주문가능수량조회요청,int_abs,v1042,
증거금100주문가능금액,opw00011,증거금율별주문가능수량조회요청,int_abs,v1043,
증거금100가능수량,opw00011,증거금율별주문가능수량조회요청,int_abs,v1044,
증거금100전일재사용금액,opw00011,증거금율별주문가능수량조회요청,int_abs,v1045,
증거금100금일재사용금액,opw00011,증거금율별주문가능수량조회요청,int_abs,v1046,
미수불가주문가능금액,opw00011,증거금율별주문가능수량조회요청,int_abs,v1047,
미수불가주문가능수량,opw00011,증거금율별주문가능수량조회요청,int_abs,v1048,
미수불가전일재사용금액,opw00011,증거금율별주문가능수량조회요청,int_abs,v1049,
미수불가금일재사용금액,opw00011,증거금율별주문가능수량조회요청,int_abs,v1050,
예수금,opw00011,증거금율별주문가능수량조회요청,int_abs,v1051,
대용금,opw00011,증거금율별주문가능수량조회요청,int_abs,v1052,
미수금,opw00011,증거금율별주문가능수량조회요청,int_abs,v1053,
주문가능대용,opw00011,증거금율별주문가능수량조회요청,str,,
주문가능현금,opw00011,증거금율별주문가능수량조회요청,int_abs,v1054,
D+2추정예수금,OPW00017,계좌별당일현황요청,int_abs,v1055,
신용이자미납금,OPW00017,계좌별당일현황요청,int_abs,v1056,
기타대여금,OPW00017,계좌별당일현황요청,int_abs,v1057,
일반주식평가금액D+2,OPW00017,계좌별당일현황요청,str,,
예탁담보대출금D+2,OPW00017,계좌별당일현황요청,str,,
예탁담보주식평가금액D+2,OPW00017,계좌별당일현황요청,str,,
신용융자금D+2,OPW00017,계좌별당일현황요청,str,,
신용융자평가금D+2,OPW00017,계좌별당일현황요청,str,,
신용대주담보금D+2,OPW00017,계좌별당일현황요청,str,,
신용대주평가금D+2,OPW00017,계좌별당일현황요청,str,,
입금금액,OPW00017,계좌별당일현황요청,int_abs,v1058,
출금금액,OPW00017,계좌별당일현황요청,int_abs,v1059,
입고금액,OPW00017,계좌별당일현황요청,int_abs,v1060,
출고금액,OPW00017,계좌별당일현황요청,int_abs,v1061,
매도금액,OPW00017,계좌별당일현황요청,int_abs,v1062,
매수금액,OPW00017,계좌별당일현황요청,int_abs,v1063,
수수료,OPW00017,계좌별당일현황요청,int_abs,v1064,
세금,OPW00017,계좌별당일현황요청,int_abs,v1065,
주식매입자금대출금,OPW00017,계좌별당일현황요청,int_abs,v1066,
RP평가금액,OPW00017,계좌별당일현황요청,int_abs,v1067,
채권평가금액,OPW00017,계좌별당일현황요청,int_abs,v1068,
ELS평가금액,OPW00017,계좌별당일현황요청,int_abs,v1069,
신용이자금액,OPW00017,계좌별당일현황요청,int_abs,v1070,
매도대금담보대출이자금액,OPW00017,계좌별당일현황요청,int_abs,v1071,
배당금액,OPW00017,계좌별당일현황요청,int_abs,v1072,
종목번호,opw00018,계좌평가잔고내역요청,str,,
종목명,opw00018,계좌평가잔고내역요청,str,,
평가손익,opw00018,계좌평가잔고내역요청,int,v1073,
수익률(%),opw00018,계좌평가잔고내역요청,pct,v1074,
매입가,opw00018,계좌평가잔고내역요청,int_abs,v1075,
전일종가,opw00018,계좌평가잔고내역요청,int_abs,v1076,
보유수량,opw00018,계좌평가잔고내역요청,int_abs,v1077,
매매가능수량,opw00018,계좌평가잔고내역요청,int_abs,v1078,
현재가,opw00018,계좌평가잔고내역요청,int_abs,v1079,
전일매수수량,opw00018,계좌평가잔고내역요청,int_abs,v1080,
전일매도수량,opw00018,계좌평가잔고내역요청,int_abs,v1081,
금일매수수량,opw00018,계좌평가잔고내역요청,int_abs,v1082,
금일매도수량,opw00018,계좌평가잔고내역요청,int_abs,v1083,
매입금액,opw00018,계좌평가잔고내역요청,int_abs,v1084,
매입수수료,opw00018,계좌평가잔고내역요청,int_abs,v1085,
평가금액,opw00018,계좌평가잔고내역요청,int_abs,v1086,
평가수수료,opw00018,계좌평가잔고내역요청,int_abs,v1087,
세금,opw00018,계좌평가잔고내역요청,int_abs,v1088,
수수료합,opw00018,계좌평가잔고내역요청,int_abs,v1089,
보유비중(%),opw00018,계좌평가잔고내역요청,pct,v1090,
신용구분,opw00018,계좌평가잔고내역요청,str,,
신용구분명,opw00018,계좌평가잔고내역요청,str,,
대출일,opw00018,계좌평가잔고내역요청,date,,
순위,opt10131,기관외국인연속매매현황요청,str,,
종목코드,opt10131,기관외국인연속매매현황요청,str,,
종목명,opt10131,기관외국인연속매매현황요청,str,,
기간중주가등락률,opt10131,기관외국인연속매매현황요청,pct,v1091,
기관순매매금액,opt10131,기관외국인연속매매현황요청,int_abs,v1092,6.0
기관순매매량,opt10131,기관외국인연속매매현황요청,int_abs,v1093,
기관계연속순매수일수,opt10131,기관외국인연속매매현황요청,str,,
기관계연속순매수량,opt10131,기관외국인연속매매현황요청,int_abs,v1094,
기관계연속순매수금액,opt10131,기관외국인연속매매현황요청,int_abs,v1095,6.0
외국인순매매액,opt10131,기관외국인연속매매현황요청,int_abs,v1096,
외국인순매매량,opt10131,기관외국인연속매매현황요청,int_abs,v1097,
외국인연속순매수일수,opt10131,기관외국인연속매매현황요청,str,,
외국인연속순매수량,opt10131,기관외국인연속매매현황요청,int_abs,v1098,
외국인연속순매수금액,opt10131,기관외국인연속매매현황요청,int_abs,v1099,6.0
순매매량,opt10131,기관외국인연속매매현황요청,int_abs,v1100,
순매매액,opt10131,기관외국인연속매매현황요청,int_abs,v1101,
합계연속순매수일수,opt10131,기관외국인연속매매현황요청,str,,
합계연속순매매수량,opt10131,기관외국인연속매매현황요청,int_abs,v1102,
합계연속순매수금액,opt10131,기관외국인연속매매현황요청,int_abs,v1103,
종목명,opt10170,당일매매일지요청,str,,
매수평균가,opt10170,당일매매일지요청,int_abs,v1104,
매수수량,opt10170,당일매매일지요청,int_abs,v1105,
수수료_제세금,opt10170,당일매매일지요청,int_abs,v1106,
손익금액,opt10170,당일매매일지요청,int_abs,v1107,
매도금액,opt10170,당일매매일지요청,int_abs,v1108,
매수금액,opt10170,당일매매일지요청,int_abs,v1109,
수익률,opt10170,당일매매일지요청,pct,v1110,
종목코드,opt10170,당일매매일지요청,str,,
